,Produto,Preço Base,Preço Final
0,Álcool Etílico Hidratado 70º Inpm Uzu 1L,7.29,7.29
1,Limpador Multiuso Veja 10% Desconto 500Ml,4.98,4.98
2,Água Sanitária Santa Clara Embalagem 2 Litros,5.98,5.98
3,Água Sanitária Santa Clara Embalagem 1 Litro,3.49,3.49
4,"Álcool Líquido Araucária 46,2º Embalagem 500Ml",4.98,4.98
5,Água Sanitária Super Globo Embalagem 2 Litros,6.79,6.79
6,Limpador Uau Multiuso Desengordurante Limão Siciliano 500Ml,4.79,4.79
7,Limpador Multiuso Uau Rosas Sedução 500Ml,4.79,4.79
8,Limpador Multiuso Super Globo Floral Embalagem 500Ml,3.69,3.69
9,Limpador Uau Requinte 500Ml,4.79,4.79
10,Limpador Uau Multiuso Flores e Folhas 500Ml,4.79,4.79
11,Limpador Uau Multiuso Lavanda 500Ml,4.79,4.79
12,Limpador Uau Perfumes Flores Vermelhas e Sedução 500Ml,4.79,4.79
13,Limpador Uau Perfumes Cuidado e Carinho 500Ml,4.79,4.79
14,Soda Cáustica Yara 950G,17.98,17.98
15,Sapólio Radium Cremoso Cloro 300Ml,7.39,7.39
16,Pedra Sanitária Q-Odor Marine 40G,3.29,3.29
17,Desengordurante Super Globo Squeeze 500Ml,5.69,5.69
18,Desinfetante Batuta Floral Embalagem 2L,7.98,7.98
19,Desinfetante Minuano Floral 500Ml,3.29,3.29
20,Limpador Multiuso Veja Floral 500Ml,4.98,4.98
21,Desinfetante Pinho Trop 1L,7.98,7.98
22,Limpador Uau Flores e Sonhos 500Ml,4.79,4.79
23,Água Sanitária Superglobo Embalagem 1L,3.79,3.79
24,Limpador Uau Perfumes Lavanda e Conforto Ingleza Embalagem 500Ml,4.79,4.79
25,Limpador Multiuso Ação Clareadora Uau 500Ml,4.79,4.79
26,Limpador Multiuso Veja Gold Campestre 500Ml,4.98,4.98
27,Desinfetante Batuta Lavanda Embalagem 2L,7.98,7.98
28,Desinfetante Pinho Sol Original 500Ml,6.98,6.98
29,Cera Líquida Ingleza Maxx Incolor 750Ml,14.89,14.89
30,Álcool Líquido Flops 96 Embalagem 500Ml,6.49,6.49
31,Desinfetante Marina Eucalipto Embalagem 2L,4.98,4.98
32,Limpador para Pisos Laminados Casa Km Brilho Fácil Embalagem 750Ml,12.29,12.29
33,Pedra Sanitária Q-Odor Pinho Embalagem 1 Un,3.29,3.29
34,Desinfetante Pinho Trop Fresh 500Ml,3.98,3.98
35,Limpador Multiuso Coco Veja Power Fusion Squeeze 500Ml,9.29,9.29
36,Limpador Multiuso Veja Lavanda e Álcool 500Ml,4.98,4.98
37,Desinfetante Pinho Sol Original 1000Ml,13.98,13.98
38,Limpador Multiuso Limpol Clássico 500Ml,4.39,4.39
39,Óleo de Peroba King 100Ml,8.98,8.98
40,Óleo de Peroba 200Ml,14.98,14.98
41,Limpador Veja Limpeza Pesada Cloro Ativo Embalagem 500Ml 10% de Desconto,8.98,8.98
42,Desinfetante Trop Pinho Lavanda Inglesa 500Ml,3.98,3.98
43,Desinfetante Batuta Oceano Ação Limpa Pisos Elimina Germes e Bactérias Embalagem 2L,7.98,7.98
44,Desinfetante Pinho Trop Fresh Leve 1000Ml Pague 900Ml,7.98,7.98
45,Desinfetante Pinho Flores de Limão Leve 500Ml Pague 450Ml,3.89,3.89
46,Desinfetante Pinho Sol Limão 1L,12.98,12.98
47,Desinfetante Pinho Trop Pinho e Menta 500Ml,3.98,3.98
48,Desinfetante Batuta Eucalipto Embalagem 2L,7.98,7.98
49,Desinfetante Minuano Eucalipto 500Ml,3.29,3.29
50,Desinfetante Pinho Trop Pinho Embalagem 1L,7.98,7.98
51,Desinfetante Pearson Creolina Embalagem 50Ml,14.98,14.98
52,Desinfetante Pinho Trop Limão Embalagem 500Ml,3.98,3.98
53,Cera Líquida Ingleza Ardósia Verde Embalagem 850Ml,10.98,10.98
54,Desinfetante Marina Erva Doce Embalagem 2 Litros,4.98,4.98
55,Cloro Bom Fort Caixa com 12 Uni 1L,3.39,3.39
56,Desinfetante Eucalipto Only,5.49,5.49
57,Limpador Gel Brilhex Pinho 2 Litros,14.9,14.9
58,Água Sanitária Du Lar 1L,3.39,3.39
59,"Álcool Uzu Cean 92,8% 1Lt",11.39,11.39
60,Cera Ingleza Brilhowax Incolor Embalagem 850Ml,10.79,10.79
61,Eliminador de Odores Multiuso Hortelã Uau 500Ml,4.79,4.79
62,Neutralizador de Odores Jardim de Pêonia Bom Ar Frasco 360Ml Embalagem Econômica,13.79,13.79
63,Purificador Ar Smart Talco 400Ml,12.98,12.98
64,Purificador Ar Smart Lavanda 400Ml,12.98,12.98
65,Detergente Ypê Clear 500Ml,2.59,2.59
66,Detergente Ypê Neutro 500Ml,2.59,2.59
67,Detergente Coco Ypê 500Ml,2.59,2.59
68,Detergente Limpol Coco 500Ml,2.49,2.49
69,Detergente Líquido Limpol Cristal Embalagem 500Ml,2.49,2.49
70,Detergente Ypê Clear Care 500Ml,2.59,2.59
71,Detergente Azulim Coco 500Ml,1.99,1.99
72,Detergente Líquido Azulim Neutro 500Ml,1.99,1.99
73,Detergente Limpol Maçã 500Ml,2.49,2.49
74,Detergente Líquido Azulim Citrus 500Ml,1.99,1.99
75,Detergente Limpol Limão 500Ml,2.49,2.49
76,Lava-Louças Líquido Clear Minuano Embalagem 500Ml,2.29,2.29
77,Detergente Líquido Lava Louça Minuano 1300 Maçã 500Ml,2.29,2.29
78,Detergente Liquido Maçã Smart 500Ml,1.99,1.99
79,Inseticida Raid Multi Insetos Eucalipto Oferta 420Ml,16.98,16.98
80,Inseticida Raid Multi Insetos Citronela Oferta 420Ml,16.98,16.98
81,Naftalina Cartela 10Un Alfa,2.89,2.89
82,1Un Lava Roupa Omo Lavagem Perfeita 1.6Kg Grátis 150G.,23.98,23.98
83,"Lava-Roupas Pó Lavagem Perfeita Omo 1,6Kg",22.98,22.98
84,Sabão em Pó Omo Lavagem Perfeita 400G,8.98,8.98
85,Lava-Roupas Pó Lavagem Perfeita Omo 800G,15.98,15.98
86,Sabão em Pó Urca Maxx Sachê 1Kg,7.49,7.49
87,Cloro Santa Clara Super Forte Unidade 2L,8.59,8.59
88,"Lava Roupas em Pó para Roupas Brancas e Coloridas Limpeza Total Brilhante 1,6Kg Grátis 150G",20.98,20.98
89,Sabao Glic Ype Neutro 900G,14.98,14.98
90,Amaciante Downy Brisa do Verão 500Ml,11.98,11.98
91,Lava Roupas em Pó Tixan Ypê Primavera 800G,12.49,12.49
92,Amaciante Ypê Aconchego 2L,10.98,10.98
93,"Lava-Roupas em Pó Concentrado Primavera Tixan Ypê 1,6Kg",22.98,22.98
94,Amaciante Brisa da Primavera Urca 2L,7.29,7.29
95,Amaciante Ypê Intenso Embalagem 2L,10.98,10.98
96,Lava Roupas em Pó Limpeza Total Brilhante 400G,8.29,8.29
97,Lava Roupas Pó Coquel Natureza Limpa Caixa Pg800g. e Lv.1Kg,10.59,10.59
98,Amaciante Downy Lirios do Campo 500Ml,11.98,11.98
99,"Lava-Roupas em Pó Roupas Brancas e Coloridas Brilhante Limpeza Total Pacote 1,6Kg",23.98,23.98
100,Amaciante Concentrado Cuidado Intensivo Comfort Leve 500 Pague 400Ml,11.49,11.49
101,Lava-Roupas em Pó Concentrado Maciez Tixan Ypê 400G,6.98,6.98
102,Amaciante Concentrado Downy Frescor da Primavera Embalagem 500Ml,11.98,11.98
103,Cloro Santa Clara Super Forte Embalagem 1 Litro,4.59,4.59
104,Amaciante de Roupa Diluído Toque de Carinho Baby Soft 2L,8.98,8.98
105,Amaciante Baby Soft Toque de Maciez 2L,8.98,8.98
106,Amaciante de Roupas Expressão de Carinho Suprema 2L,6.29,6.29
107,Amaciante Suprema Toque de Amor Embalagem 2L,6.29,6.29
108,Amaciante Suprema Felicita Embalagem 2L,6.29,6.29
109,Lava-Roupas em Pó Concentrado Primavera Tixan Ypê 400G,6.98,6.98
110,Sabão em Pó Comfort Fiber Protect 1.6Kg,25.98,25.98
111,Amaciante Alegres Encantos Amacitel 2L,9.29,9.29
112,Amaciante Flores Marina 2Litros,6.98,6.98
113,Amaciante para Roupas Concentrado Perfumes Flores da Manhã Brilhex 1L,10.89,10.89
114,Sabonete Marluce Alfazema 90G,1.39,1.39
115,Esponja de Aço Bombril Pacote 60G,2.89,2.89
116,Esponja Multiuso Smart Leve 4 Pague 3Un,4.49,4.49
117,Esponja de Aço Smart 60G,2.29,2.29
118,Esponja Multiuso Smart 1Un,1.39,1.39
119,Pano de Prato Encopa Silcado 46X62cm 1Un,3.98,3.98
120,Esponja Inox Flash Limp Limpeza Pesada 1Un,3.98,3.98
121,Limpador Multiuso Frescor Violeta Veja Explosão de Perfume 500Ml,6.29,6.29
122,Esponja Multiuso Flash Limp Poliéster 1Un,3.89,3.89
123,Palha de Aço Açobom N0 Embalagem 22G,1.69,1.69
124,Saco de Lixo Lixo Forte Reforçadão 100 Litros 20Un,21.98,21.98
125,Balde Eco Plástic Cor Sortida 12L Concreto,10.98,10.98
126,Saco de Lixo Lixo Forte Reforçado 60L 10 Un,5.98,5.98
127,Esponja Limpeza Delicada Smart com 2Un,4.79,4.79
128,Bucha Vegetal Medeiros,5.98,5.98
129,Flanela de Algodão Beauty 12Un,3.99,3.99
130,Saco de Lixo Lixo Forte Reforçado 100L 5 Un,5.98,5.98
131,Pano de Prato Bordado Inglês 44X70cm Embalagem 1Un,6.98,6.98
132,Saco de Lixo 30L Lixo Forte 10Un,3.98,3.98
133,Saco de Lixo Lixo Forte 100L 5 Un,4.29,4.29
134,Saco de Lixo Reforçado 60L Saco Forte 30Un,21.98,21.98
135,Esponja Brasileirinha Multiuso Dupla Face 1 Un,0.99,0.99
136,Açúcar Cristal Laçúcar 5Kg,17.98,17.98
137,Açúcar Cristal LAçúcar Embalagem 2Kg,7.98,7.98
138,Açúcar Cristal Laçúcar Embalagem 1Kg,3.98,3.98
139,Adoçante com Stevia Magro 80Ml,9.89,9.89
140,Adoçante Sacarina Zero Cal 100Ml,7.79,7.79
141,Adoçante Sacarina Zero Cal 200Ml,11.79,11.79
142,Adoçante Líquido Sacarina Adocyl 100Ml,3.89,3.89
143,Adoçante Plus com Stevia Líquido Lowçucar 80Ml,16.98,16.98
144,Adoçante Líquido Assugrin Embalagem 100Ml,4.98,4.98
145,Adoçante Lowçucar Sóstevia Líquido 80Ml,23.98,23.98
146,Açúcar Mascavo Lowçucar 500G,11.49,11.49
147,Açúcar Refinado Rei Fino 1Kg,6.98,6.98
148,Açúcar Mascavo Contemper 500G,7.59,7.59
149,Filé de Tilápia Kg,39.99,39.99
150,Arroz Bianco Tipo 1 Sepé 2Kg,10.29,10.29
151,Arroz Prato Fino Branco Tipo 1 Pacote 5Kg,29.89,29.89
152,Arroz Tipo 1 Vasconcelos Pacote 5Kg,22.98,22.98
153,Arroz Tipo 1 Carrijo Embalagem 5Kg,19.98,19.98
154,Arroz Tipo 1 Smart Agulhinha 5Kg,18.98,18.98
155,Arroz Bianco Tipo 1 Sepé 1Kg,5.29,5.29
156,Costela Bovina Kg,29.9,29.9
157,Fubá Mimoso Fino Sinhá 1Kg,4.89,4.89
158,Farinha de Trigo Vilma Pacote 1Kg,7.49,7.49
159,Farinha de Trigo com Fermento Vilma 1Kg,7.98,7.98
160,Farinha de Trigo Boa Sorte Tipo 1 Pacote 1Kg,6.59,6.59
161,Farinha de Trigo Original Tipo 1 Globo Pacote 1Kg,5.89,5.89
162,Tapioca Pacha Embalagem 500G,6.98,6.98
163,Farinha de Mandioca Pachá Torrada Embalagem 1Kg,6.98,6.98
164,Farinha de Mandioca Zumbi Torradinha 1Kg,6.79,6.79
165,Farinha de Rosca Pink Embalagem 500G,6.89,6.89
166,Farofa Pronta de Mandioca Pacha Sabor Bacon Embalagem 300G,3.49,3.49
167,Fubá Mimoso Pacha Embalagem 1Kg,4.79,4.79
168,Flocos de Milho Pré-Cozido Quaker Milharina Pacote 500G,6.98,6.98
169,Farinha de Milho Biju Sinhá 500G,3.98,3.98
170,Amido de Milho Pink Embalagem 500G,5.29,5.29
171,Polvilho Doce Marinez Embalagem 1Kg,10.89,10.89
172,Amido de Milho Kimimo 200G,3.98,3.98
173,Polvilho Azedo Marinez Embalagem 1Kg,11.98,11.98
174,Amido Milho Maizena 500G,8.98,8.98
175,Farofa de Milho Pacha Embalagem 300G,3.49,3.49
176,Farinha de Milho Biju Pacha 500G,3.89,3.89
177,Farinha de Mandioca Torrada Zumbi Embalagem 1Kg,7.79,7.79
178,Farofa de Mandioca Pronta Pacha Embalagem 300G,3.49,3.49
179,Farofa de Mandioca Temperada Morea Alho Embalagem 350G,6.98,6.98
180,Feijão Carioca Smart Embalagem 1Kg,7.69,7.69
181,Feijão Preto Pachá 1Kg,7.89,7.89
182,Feijão Vermelho Pachá 1Kg,9.98,9.98
183,Feijão Branco Pachá Embalagem 500G,7.98,7.98
184,Feijão Carioca Sabor Legal Embalagem 1Kg,7.89,7.89
185,Feijão Preto Rapidim 1Kg,6.98,6.98
186,Feijão Carioca Rapidim 1Kg,7.29,7.29
187,Milho de Pipoca Pacha 500G,4.29,4.29
188,Milho Pipoca Pacha Premium 500G,4.79,4.79
189,Milho para Pipoca Pink Embalagem 500G,4.98,4.98
190,Trigo para Kibe Pachá Embalagem 500G,5.89,5.89
191,Pipoca Microondas Pacha Bacon 100G,2.49,2.49
192,Canjiquinha Amarela Pacha 500G,2.89,2.89
193,Trigo para Quibe Pink Embalagem 500G,4.98,4.98
194,Pipoca Microondas Pacha Manteiga Suave 100G,2.49,2.49
195,Pipoca Microondas Pacha Natural 100G,2.49,2.49
196,Canjiquinha Pachá 1Kg,5.39,5.39
197,Pipoca para Microondas Pink Bacon Embalagem 100G,2.98,2.98
198,Canjiquinha Pink Amarela 500G,3.98,3.98
199,Pipoca para Microondas Pink Queijo Embalagem 100G,2.98,2.98
200,Pipoca para Micro-Ondas Pink Manteiga 100G,2.98,2.98
201,Canjiquinha Zumbizinha 500G,2.79,2.79
202,Macarrão Vilma Espaguete 9 500G,5.49,5.49
203,Macarrão Vilma Linguine 500G,5.49,5.49
204,Macarrão Instantâneo Nissin Turma da Mônica Tomate Suave 85G,2.89,2.89
205,Macarrão Massa Ovos Vilma Espaguete 8 500G,5.49,5.49
206,Macarrão Instantâneo Nissin Lámen Galinha 85G,2.89,2.89
207,Macarrão Parafuso com Ovos Vilma 500G,5.49,5.49
208,Macarrão Parafuso Vilma Sêmola 500G,5.29,5.29
209,Macarrão Espaguete Vilma Sêmola Pacote 500G,5.29,5.29
210,Macarrão de Sêmola Ninho Yara 500G,6.29,6.29
211,Macarrão Espaguete Yara Sêmola N8 Embalagem 500G,4.39,4.39
212,Macarrão Massa Ovos Ninho Nº3 Vilma Embalagem 500G,7.29,7.29
213,Macarrão Parafuso Yara Sêmola Embalagem 500G,4.39,4.39
214,Macarrão Instantâneo Nissin Lámen Carne 85G,2.89,2.89
215,Macarrão Instantâneo Nissin Costela 85G,2.89,2.89
216,Macarrão Penne Yara Sêmola Embalagem 500G,4.39,4.39
217,Macarrão Sêmola Yara Pai Nosso 500G,4.39,4.39
218,Macarrão Instantâneo Bacon Santa Amália Pacote 85G,1.98,1.98
219,Macarrão Instantâneo Nissin Lámen Legumes 85G,2.89,2.89
220,Macarrão Pena com Ovos Santa Amália 500G,5.49,5.49
221,Macarrão Parafuso Santa Amália com Ovos Pacote 500G,5.49,5.49
222,Macarrão Instantâneo Vilma Galinha Caipira 85G,1.89,1.89
223,Macarrão Instantâneo Santa Amália Picanha Pacote 85G,1.98,1.98
224,Macarrão Instantâneo Nissin Bacon 85G,2.89,2.89
225,Macarrão Ninho Vilma com Ovos N1 Embalagem 500G,7.29,7.29
226,Macarrão Instantâneo Vilma Picanha 85G,1.89,1.89
227,Macarrão Santa Amália Sêmola Padre Nosso Pacote 500G,4.79,4.79
228,Macarrão Espaguete Yara N10 Embalagem 500G,4.39,4.39
229,Macarrão Instantâneo Sabor Calabresa Santa Amália Pacote 85G,1.98,1.98
230,Massa Lasanha Vilma Sêmola Embalagem 500G,10.98,10.98
231,Macarrão Instantâneo Santa Amália Galinha Caipira Pacote 85G,1.98,1.98
232,Macarrão Instantâneo Nissin Lámen Carne Tomate 85G,2.89,2.89
233,Macarrão Massa Ovos Vilma Pai Nosso 500G,5.49,5.49
234,Macarrão Instantâneo Vilma Carne 80G,1.89,1.89
235,Macarrão Instantâneo Vilma Galinha 85G,1.89,1.89
236,Macarrão Vilma Gnocchi com Ovos Embalagem 500G,5.49,5.49
237,Macarrão Instantâneo Santa Amália Galinha Pacote 85G,1.98,1.98
238,Macarrão Instantâneo Santa Amália Carne Pacote 85G,1.98,1.98
239,Macarrão Santa Amália com Ovos Ave Maria Pacote 500G,5.49,5.49
240,Macarrão Parafusinho Santa Amália com Ovos Pacote 500G,5.49,5.49
241,Macarrão Santa Amália com Ovos Fidelinho Nº10 Pacote 500G,5.49,5.49
242,Macarrão Instantâneo Nissin Lámen Frango Assado Limão 85G,2.89,2.89
243,Macarrão Vilma Pai Nosso Sêmola Pacote 500G,5.29,5.29
244,Macarrão Smart Sêmola com Ovos Espaguete 500G,3.98,3.98
245,Macarrão Vilma Aletria com Ovos Embalagem 500G,5.99,5.99
246,Macarrão Instantâneo Nissin Lámen Frango Alho 85G,2.89,2.89
247,Macarrão Pappardelle Vilma com Ovos Embalagem 500G,6.98,6.98
248,Macarrão Instantâneo Cup Noodles Legumes 67G,5.69,5.69
249,Macarrão Caracol Vilma com Ovos Pacote 500G,5.49,5.49
250,Massa para Lasanha com Ovos Vilma 500G,11.98,11.98
251,Macarrão Instantâneo Cup Noodles Frango Teriyaki 72G,5.69,5.69
252,Macarrão Instantâneo Cup Noodles Frutos do Mar Nissin 69G,5.69,5.69
253,Macarrão Instantâneo Nissin Cremoso Estrogonofe de Frango 88G,2.89,2.89
254,Macarrão Parafuso Vilma Tricolor Embalagem 500G,7.89,7.89
255,Óleo de Soja Corcovado Pet 900Ml,8.98,8.98
256,Óleo de Girassol Sinhá 900Ml,17.98,17.98
257,Óleo de Soja Refinado Abc Pet 900Ml,8.98,8.98
258,Vinagre de Álcool Toscano Garrafa 750Ml,2.98,2.98
259,Azeite de Oliva Gallo Clássico 250Ml,23.98,23.98
260,Vinagre de Maça Belmont Pet 750Ml,6.98,6.98
261,Vinagre Branco de Álcool Belmont Agrin Pet 750Ml,2.98,2.98
262,Vinagre Toscano com Alho Embalagem 750Ml,5.98,5.98
263,Ovos Brancos Granel Unidade,0.79,0.79
264,Ovos Brancos Duzia,7.98,7.98
265,Sal Refinado Globo Pacote 1Kg,2.29,2.29
266,Sal Grosso Churrasco Garça Grill Embalagem 1Kg,1.98,1.98
267,Sal Grosso para Churrasco Pacha Embalagem 1Kg,2.69,2.69
268,Sal Temperado Pacha Embalagem 500G,4.79,4.79
269,Tempero de Churrasco Ajinomoto 500G,8.41,8.41
270,Limão Tahiti Kg,5.98,5.98
271,Banana Prata,4.48,4.48
272,Laranja Pera Rio,3.48,3.48
273,Abacaxi,4.98,4.98
274,Mamão Havaí,9.98,9.98
275,Mexerica Ponkan,6.78,6.78
276,Maçã Fuji,9.98,9.98
277,Manga Tommy,5.98,5.98
278,Melancia,1.98,1.98
279,Maracujá,8.98,8.98
280,Coco Verde Un,3.78,3.78
281,Uvas Passas Sabor 80G,3.89,3.89
282,Melão Amarelo Kg,6.78,6.78
283,Morango Bandeja,5.98,5.98
284,Banana Caturra 500G,6.78,6.78
285,Cebola,5.98,5.98
286,Tomate,6.78,6.78
287,Batata Inglesa,5.98,5.98
288,Cenoura Vermelha,4.28,4.28
289,Pimentão,5.98,5.98
290,Abóbora Moranga Japonesa,3.28,3.28
291,Berinjela Kg,3.78,3.78
292,Abobrinha Italiana Kg,3.28,3.28
293,Pepino,3.68,3.68
294,Inhame Cara Kg,8.98,8.98
295,Chuchu Escuro,4.98,4.98
296,Batata Doce Kg,5.28,5.28
297,Mandioca,3.98,3.98
298,Abobrinha Menina Kg,5.58,5.58
299,Batata Bolinha,2.98,2.98
300,Jiló Bandeja,4.98,4.98
301,Beterraba Kg,3.38,3.38
302,Alho,19.98,19.98
303,Coentro Unidade,1.99,1.99
304,Salsa Pequena Maço,1.69,1.69
305,Hortelã Un Furukita,1.69,1.69
306,Cebolinha Molho,1.69,1.69
307,Pimentinha Iva Snacks 150G,4.49,4.49
308,Couve Maço,1.99,1.99
309,Alface Crespa e Lisa,2.49,2.49
310,Repolho,2.98,2.98
311,Mostarda,3.99,3.99
312,Almeirão Maço,2.99,2.99
313,Peito com Osso Frango Kg,15.99,15.99
314,Frango Passarinho Kg,15.99,15.99
315,Asa de Frango Kg,17.99,17.99
316,Coração de Frango,25.99,25.99
317,Peito Frango Tropeira Desfiado 400G,18.89,18.89
318,Fígado Frango Kg,5.99,5.99
319,Moela de Frango Kg,12.99,12.99
320,Pé de Frango,5.99,5.99
321,Pescoço de Peru Kg,18.98,18.98
322,Coxinha da Asa Frango Kg,16.99,16.99
323,Carne Bovina Moída Primeira,29.9,29.9
324,Carne Bovina Acém,31.9,31.9
325,Carne Bovina do Sol,29.9,29.9
326,Carne Bovina Patinho Kg,42.9,42.9
327,Fígado Bovino Kg,16.99,16.99
328,Carne Bovína Miolo Acém Kg,33.9,33.9
329,Picanha,69.9,69.9
330,Fraldinha Bovina,43.9,43.9
331,Carne Bovina Paleta,37.9,37.9
332,Carne Bovina Músculo Dianteiro Kg,29.9,29.9
333,Carne Bovina Rabada Kg,33.99,33.99
334,Carne Bovina Contra Filé Kg,49.9,49.9
335,Carne Bovina Músculo Traseiro Kg,35.9,35.9
336,Chá Dentro Bovino Kg,42.9,42.9
337,Dobradinha Bovina,16.9,16.9
338,Carne Bovina Mocotó,15.99,15.99
339,"Kit 1 Semanal 3,5 K",122.9,122.9
340,Carne Moída Congelado Frigovitta 500G,10.99,10.99
341,Miolo Alcatra Bovina Kg,49.9,49.9
342,Carne Bovina Lagartinho Kg,38.9,38.9
343,"Kit 1 Semanal 3,5 K",82.9,82.9
344,Carne Bovina Pa Kg,37.9,37.9
345,Kit Churrasco,109.9,109.9
346,Bacon Kg,36.99,36.99
347,Linguiça Calabresa Perdigão Kg,19.99,19.99
348,Salsicha Pif Paf,13.99,13.99
349,Salsicha Rezende Granel,13.99,13.99
350,Salsicha Pif Paf Pacote 500G,7.59,7.59
351,Linguiça Defumada Avivar Fininha Calabresa 250G,6.89,6.89
352,Salsicha Carioca Lata 180G,5.98,5.98
353,Salsicha Hot Dog Sadia Kg,14.99,14.99
354,Linguiça Ciacarne Toscana Kg,21.99,21.99
355,Linguiça Calabresa Defumada Kgs,23.9,23.9
356,Chourissela Nogueira 500G,8.99,8.99
357,Bisteca Suína Kg,20.99,20.99
358,Costela Suína,24.99,24.99
359,Lombo Suíno,21.99,21.99
360,Toucinho de Barriga Kg,20.99,20.99
361,Carne Suína Pernil Dianteiro Kg,16.99,16.99
362,Orelha Suína,6.99,6.99
363,Carne Suína Rabinho Kg,17.99,17.99
364,Papada Suína Kg,17.99,17.99
365,Copa Lombo Suíno Kg,20.99,20.99
366,Carne Suína Suan Comum Kg,9.99,9.99
367,Toucinho Suíno Comum Kg,12.99,12.99
368,Carne Suína Banha,11.99,11.99
369,Água Crystal com Gás 500Ml,2.39,2.39
370,Água Mineral sem Gás Igarapé 5L,10.98,10.98
371,"Água Crystal sem Gás 1,5L",3.89,3.89
372,"Água Mineral Igarape 1,5 Litro",3.59,3.59
373,"Água Mineral Igarape Pet 1,5Litro",4.29,4.29
374,Água de Coco Esterilizada Kero Coco 200Ml,2.49,2.49
375,Água Mineral sem Gás Daflora Garrafa 510Ml,1.49,1.49
376,Água Mineral com Gás Igarape Garrafa 500Ml,2.29,2.29
377,Energético Energy Green Monster 473Ml,9.99,9.99
378,Isotônico de Frutas Cítricas Gatorade 500Ml,4.99,4.99
379,Isotônico de Morango com Maracujá Gatorade 500Ml,4.99,4.99
380,Isotônico de Tangerina Gatorade 500Ml,4.99,4.99
381,Isotônico de Laranja Gatorade 500Ml,4.99,4.99
382,Energético Juice Mango Loco Monster 473Ml,9.99,9.99
383,Isotônico de Maracujá Gatorade 500Ml,4.99,4.99
384,Isotônico de Limão Gatorade 500Ml,4.99,4.99
385,Isotônico de Uva Gatorade 500Ml,4.99,4.99
386,Energético Red Bull Tradicional 250Ml,9.99,9.99
387,Energético Energy Drink Red Bull Lata 355Ml,11.99,11.99
388,Energético Red Bull Energy Drink Tropical 250Ml,9.99,9.99
389,Energético Summer Melancia Red Bull Lata 250Ml,9.99,9.99
390,Energy Drink The Summer Edition Sabor Pitaya Red Bull 250Ml,9.99,9.99
391,Energético Dopamina Drink Tangerina 269Ml,6.49,6.49
392,Energético Dopamina Extreme 269Ml,6.49,6.49
393,Energético Dopamina Lata 269Ml,6.49,6.49
394,Energético Dopamina Maçã Verde 269Ml,6.49,6.49
395,Energético Frutas Tropicas Extralife 2L,6.98,6.98
396,Energético Dopamina 269Ml,6.49,6.49
397,Coca-Cola 2L,9.89,9.89
398,Coca-Cola Retornável 2L,6.99,6.99
399,Coca- Cola sem Açucar 2L,9.89,9.89
400,Coca-Cola Original 200Ml,2.0,2.0
401,Coca-Cola Retornável 1L,3.99,3.99
402,Refrigerante de Guaraná Antárctica 200Ml,1.5,1.5
403,Refrigerante Guaraná Antarctica 2L,8.79,8.79
404,Refrigerante Antarctica Zero 200Ml,1.5,1.5
405,Coca-Cola sem Açucar 200 Ml,2.0,2.0
406,Refrigerante Pepsi Cola 2L,7.79,7.79
407,Kuat Guaraná 2L,6.49,6.49
408,Refrigerante Sukita Laranja Garrafa 2L,5.99,5.99
409,Refrigerante Zero Pepsi 2L,7.79,7.79
410,Coca-Cola sem Açúcar Retornável 2L,6.99,6.99
411,Refrigerante Guaraná sem Açúcar Antarctica 2L,8.79,8.79
412,Coca-Cola Original 350Ml,4.0,4.0
413,Refrigerante de Uva Sukita 2L,5.99,5.99
414,Fanta Laranja 2L,8.98,8.98
415,Coca-Cola Original 220Ml,2.79,2.79
416,Refrigerante Tubaína Sukita 2L,5.99,5.99
417,Refrigerante de Soda Limonada Antarctica 200Ml,1.5,1.5
418,Água Tônica Zero Antarctica 350Ml,3.89,3.89
419,Guarapan 2L,6.98,6.98
420,Refrigerante Twist Pepsi 200Ml,1.5,1.5
421,Fanta Laranja 200Ml,1.79,1.79
422,Refrigerante de Laranja Sukita 200Ml,1.5,1.5
423,Água Tônica Antárctica 350Ml,3.89,3.89
424,Refrigerante Guaraná Antarctica Lata 350Ml,3.5,3.5
425,Água Tônica Schweppes 350Ml,4.0,4.0
426,Refrigerante de Cola Zero Açúcar Black Pepsi 200Ml,1.5,1.5
427,Refrigerante de Uva Fanta 2L,8.98,8.98
428,Refrigerante Soda Limonada Antarctica 2L,6.79,6.79
429,Refrigerante Mate Couro Guaraná Tradicional Pet 2 Litros,7.99,7.99
430,Fanta Guaraná 200Ml,1.79,1.79
431,Fanta Laranja Zero 2L,8.98,8.98
432,Refrigerante Schweppes Citrus Leve em Açúcares 350Ml,4.5,4.5
433,Coca-Cola sem Açúcar 600Ml,5.29,5.29
434,Refri Guarana Antarctica 1Lt Retornavel,3.79,3.79
435,Fanta Laranja Retornável 2L,6.99,6.99
436,Refrigerante Mate Couro 250Ml,2.5,2.5
437,Fanta Guaraná 2L,8.49,8.49
438,Fanta Uva 220Ml,2.5,2.5
439,Fanta Laranja 600Ml,4.98,4.98
440,Água Tônica Antarctica 1L,8.98,8.98
441,Fanta Laranja 350Ml,3.5,3.5
442,Sprite Zero Açucar 2L,8.98,8.98
443,Sprite Original Mini 250Ml,2.5,2.5
444,Fanta Laranja 220Ml,2.5,2.5
445,Pepsi Cola 1L - Garrafa Retornável,3.79,3.79
446,Coca-Cola sem Açúcar 220Ml,2.79,2.79
447,Fanta Guaraná 220Ml,2.5,2.5
448,Fanta Guaraná Lata 350Ml,3.5,3.5
449,Guarapan 220Ml,2.5,2.5
450,Kuat Guaraná 600Ml,4.59,4.59
451,Refresco em Pó Tang Limão 25G,1.39,1.39
452,Suco Kapo Uva 200Ml,1.99,1.99
453,Refresco de Abacaxi Tang 18G,1.39,1.39
454,Refresco em Pó Tang Limão 18G,1.39,1.39
455,Suco Kapo 200Ml Morango,1.99,1.99
456,Refresco em Pó Tang Maracujá 25G,1.39,1.39
457,Refresco em Pó Frisco Uva Sachê 25G,1.19,1.19
458,Refresco em Pó Frisco Abacaxi Sachê 25G,1.19,1.19
459,Refresco em Pó Frisco Laranja Sachê 25G,1.19,1.19
460,Refresco em Pó Clight Limonada 8G,1.98,1.98
461,Refresco em Pó Frisco com Vitamina Morango Sachê 25G,1.19,1.19
462,Suco Del Valle Néctar Pêssego 1L,7.39,7.39
463,Refresco em Pó Tornado Morango Pacote 20G,0.98,0.98
464,Refresco em Pó de Manga Tang 18G,1.39,1.39
465,Suco Néctar de Uva Tial 1L,5.69,5.69
466,Refresco em Pó Sabor Laranja Tornado 15G,0.98,0.98
467,"Suco Del Valle Fresh Uva 1,5L",5.29,5.29
468,Bebida em Pó Clight Maracujá 8G,1.98,1.98
469,Néctar Tial Abacaxi Caixa 1 Litro,5.69,5.69
470,Néctar Tial Maracujá Caixa 1L,5.69,5.69
471,Suco Vilma Morango Silvestre 240G,3.29,3.29
472,Refresco em Pó Sabor Limão Tornado 15G,0.98,0.98
473,Néctar Tial Laranja Caixa 1L,5.69,5.69
474,Suco de Manga Tíal 1L,5.69,5.69
475,Preparo para Suco Sabor Manga Vilma 240G,3.29,3.29
476,"Suco Fresh de Laranja Del Valle 1,5L",5.29,5.29
477,Refresco em Pó Sabor Abacaxi Tornado 15G,0.98,0.98
478,Suco Vilma Uva 240G,3.29,3.29
479,Néctar Tial Goiaba Caixa 1L,5.69,5.69
480,Refresco em Pó Manga Tang 25G,1.39,1.39
481,Néctar Tial Goiaba Caixa 1 Litro,7.98,7.98
482,Suco Vilma Pêssego 240G,3.29,3.29
483,Suco Vilma Maracujá 240G,3.29,3.29
484,Refresco em Pó Sabor Maracujá Tornado 20G,0.98,0.98
485,Suco Del Valle 1L Caju,7.39,7.39
486,Refresco em Pó Sabor Morango Tornado 15G,0.98,0.98
487,Suco Del Valle Néctar Uva 1L,7.39,7.39
488,Suco Kapo Abacaxi 200Ml,1.99,1.99
489,Suco Kapo 200Ml Laranja,1.99,1.99
490,Refresco em Pó Sabor Laranja e Mamão Tang 18G,1.39,1.39
491,Suco Kapo Maracujá 200Ml,1.99,1.99
492,Refresco em Pó Vilma Salada Frutas Embalagem 240G,3.29,3.29
493,Néctar Tial Uva 330Ml,2.89,2.89
494,Refresco em Pó Sabor Goiaba Tang 18G,1.39,1.39
495,Refresco em Pó Vilma Laranja Acerola 240G,3.29,3.29
496,Refresco em Pó Fresh Cajú 10G,0.79,0.79
497,Suco Concentrado de Goiaba Maguary 500Ml,6.79,6.79
498,Suco Vilma Laranja 240G,3.29,3.29
499,Suco 100% Uva Del Valle 1L,9.98,9.98
500,Refresco em Pó Sabor Uva Tornado 15G,0.98,0.98
501,Suco Vilma Abacaxi 240G,3.29,3.29
502,Refresco em Pó Tornado Goiaba Pacote 20G,0.98,0.98
503,Suco Del Valle Fresh Limão 250Ml,1.98,1.98
504,Refresco em Pó Vilma Laranja Mamão 240G,3.29,3.29
505,Bebida em Pó Clight Uva 8G,1.98,1.98
506,Xarope de Groselha Celli Garrafa 1L,10.98,10.98
507,Refresco em Pó Tornado Cajú 20G,0.98,0.98
508,Suco Vilma Cajú 2L,3.29,3.29
509,Refresco em Pó Guraná Fresh 15G,1.59,1.59
510,"Suco Del Valle Fresh Limão 1,5L",5.29,5.29
511,Suco Concentrado de Uva Maguary 500Ml,6.89,6.89
512,Refresco de Maracujá Fresh 15G,1.59,1.59
513,Xarope de Limão Celli Pet 1 Litro,10.98,10.98
514,Suco Concentrado Dafruta Manga 500Ml,4.69,4.69
515,Refresco em Pó Abacaxi Fresh 15G,1.59,1.59
516,Refresco Magro Sabor Limão Zero Açúcares 8G,1.49,1.49
517,Suco Concentrado de Uva Dafruta 500Ml,4.69,4.69
518,Refresco em Pó Vilma Frutas Vermelhas 240G,3.29,3.29
519,Refresco Sabor Uva Zero Açúcares Magro Sachê 8G,1.49,1.49
520,Refresco Magro Sabor Maracujá Zero Açúcares 8G,1.49,1.49
521,Refresco Magro Sabor Pêssego Zero Açúcares 8G,1.49,1.49
522,Refresco em Pó Uva Fresh 15G,1.59,1.59
523,Refresco Magro Sabor Tangerina Zero Açúcares 8G,1.49,1.49
524,Néctar Sabor Laranja Tial 330Ml,2.89,2.89
525,Néctar Tial Manga 330Ml,2.89,2.89
526,Refresco em Pó Sabor Morango Faz 2L Fresh 15G,1.59,1.59
527,Refresco em Pó Sabor Manga Faz 2L Fresh 15G,1.59,1.59
528,Refresco em Pó Vilma Tangerina 240G,3.29,3.29
529,Suco Vilma Limão 240G,3.29,3.29
530,Refresco em Pó Sabor Caju Faz 2L Fresh 15G,1.59,1.59
531,Refresco Leão Guaraná Power Açaí 450Ml,2.99,2.99
532,Cerveja Skol Pilsen 350Ml,3.59,3.59
533,Cerveja Heineken Garrafa 330Ml,6.29,6.29
534,Cerveja Heineken Lata 350Ml,4.98,4.98
535,Cerveja Corona Extra 330Ml,6.49,6.49
536,Cerveja Brahma 300Ml,2.59,2.59
537,Cerveja Retornável Antarctica 300Ml,2.59,2.59
538,Cerveja Pilsen Litrinho Skol 300Ml,2.59,2.59
539,Cerveja Heineken Lata 473Ml,6.19,6.19
540,Cerveja Heineken Garrafa 600Ml,9.59,9.59
541,Cerveja Budweiser 990Ml Retornável,8.99,8.99
542,Cerveja Pilsen Duplo Malte Brahma 473Ml,4.69,4.69
543,Cerveja American Lager Budweiser 350Ml,4.49,4.49
544,Cerveja Duplo Malte Puro Malte Brahma 350Ml,3.59,3.59
545,Cerveja Nacional Império Pilsen Lata 473Ml,3.89,3.89
546,Cerveja Antarctica 1L Retornável,7.59,7.59
547,Cerveja Stella Artois 473Ml,5.29,5.29
548,Cerveja Amstel Puro Malte Lata 473Ml,4.49,4.49
549,Cerveja Original Pilsen Antártica 350Ml,4.08,4.08
550,Cerveja Bohemia Retornável 300Ml,2.59,2.59
551,Cerveja Heineken Zero Garrafa 330Ml,6.49,6.49
552,Cerveja Itaipava Lata 473Ml,3.69,3.69
553,Cerveja Antártica 473Ml,4.19,4.19
554,Cerveja Duplo Malte Brahma 1L,7.99,7.99
555,Cerveja Puro Malte Stella Artois 350Ml,4.59,4.59
556,Cerveja Puro Malte Retornável Skol 300Ml,2.59,2.59
557,Cerveja Skol Puro Malte 1L,7.29,7.29
558,Cerveja Puro Malte Long Neck Bohemia 355Ml,4.49,4.49
559,Cerveja Puro Malte Bohemia 473Ml,4.49,4.49
560,Cerveja Puro Malte Bohemia 350Ml,3.59,3.59
561,Cerveja Budweiser 473Ml,4.89,4.89
562,Cerveja Puro Malte Itaipava Lata 350Ml,3.29,3.29
563,Cerveja Original Antarctica 600Ml,7.99,7.99
564,Cerveja Sub Zero Antarctica 473Ml,3.99,3.99
565,Cerveja Brahma Malzbier Lata 350Ml,4.99,4.99
566,Cerveja Antarctica 600Ml Retornável,5.99,5.99
567,Cerveja Puro Malte Petra Origem Lata 473Ml,4.39,4.39
568,Cerveja sem Glúten Puro Malte Stella Artois 330Ml,6.99,6.99
569,Cerveja Pilsen Itaipava Garrafa 330Ml,3.39,3.39
570,Cerveja Stella Artois Long Neck 330Ml,5.89,5.89
571,Cerveja Kaiser Pilsen Lata 473Ml,3.49,3.49
572,Cerveja Pilsen Skol 473Ml,4.49,4.49
573,Cerveja Pilsen Chopp Brahma 350Ml,3.89,3.89
574,Cerveja Spaten Puro Malte Garrafa 600Ml,8.98,8.98
575,Cerveja Pilsen Brahma 473Ml,4.49,4.49
576,Cerveja Puro Malte Long Spaten 355Ml,5.03,5.03
577,Cerveja Amber Lager Puro Malte Cacildis Garrafa 600Ml,8.39,8.39
578,Cerveja Brahma 600Ml Retornável,6.99,6.99
579,Cerveja Zero Brahma 350Ml,4.89,4.89
580,Cerveja Stella Artois 600Ml,9.49,9.49
581,Cerveja Escura Caracu 350Ml,5.29,5.29
582,Cerveja Puro Malte Skol 473Ml,4.29,4.29
583,Cerveja Original Antarctica 473Ml,4.89,4.89
584,Cerveja Eisenbahn Pilsen Puro Malte Garrafa 600Ml,7.99,7.99
585,Cerveja Pilsen Serrana 473Ml,3.59,3.59
586,Cerveja Skol Pilsen Garrafa 600Ml,6.69,6.69
587,Cerveja Puro Malte Petra Origem Garrafa 330Ml,4.29,4.29
588,Cerveja Antarctica Sub Zero Pilsen Retornável Garrafa 1L,7.59,7.59
589,Cerveja Kaiser Retornável 600Ml,4.89,4.89
590,Cerveja Longneck Budweiser 330Ml,5.39,5.39
591,Cerveja Império Lager 473Ml,5.29,5.29
592,Cerveja Malzbier Brahma 355Ml,5.99,5.99
593,Cerveja Império Lager 600Ml,8.98,8.98
594,Cerveja Puro Malte Becks 350Ml,4.76,4.76
595,Cerveja Skol 1L Retornável,7.39,7.39
596,Cerveja Puro Malte Itaipava Lata 473Ml,3.89,3.89
597,Cerveja Antarctica Sub Zero 600Ml Retornável,6.39,6.39
598,Cerveja Budweiser 600Ml Retornável,7.29,7.29
599,Cerveja Puro Malte Beck's 330Ml,5.66,5.66
600,Cerveja Brahma Duplo Malte Garrafa 600Ml,7.89,7.89
601,Cerveja Brahma 355Ml,4.49,4.49
602,Cerveja Brahma 1L Retornável,7.99,7.99
603,Cerveja Escura Caracu 355Ml,5.99,5.99
604,Cerveja Brahma Zero Long Neck 355Ml,5.49,5.49
605,Cerveja Pilsen Zero Álcool Itaipava Garrafa 330Ml,4.99,4.99
606,Cachaça Velho Barreiro 910Ml,15.89,15.89
607,Ice Syn Lemon 300Ml,3.79,3.79
608,Aguardente 51 965Ml,14.98,14.98
609,Conhaque Presidente 900Ml,19.98,19.98
610,Cachaça do Barril Garrafa 500Ml,5.79,5.79
611,Coquetel Corote Tutti Frutti 500Ml,4.99,4.99
612,Conhaque de Alcatrão São João da Barra Garrafa 900Ml,23.9,23.9
613,Coquetel Corote Morango 500Ml,4.99,4.99
614,Aguardente Vila Velha Garrafa 600Ml,7.69,7.69
615,Cachaça Brasilizar Ouro Ypioca 965Ml,22.98,22.98
616,Coquetel Vim do Vale Garrafa 750Ml,6.98,6.98
617,Coquetel Alcoólico de Morango Ousadia 350Ml,4.98,4.98
618,"Coquetel Vim do Vale 1,5 Litro",12.98,12.98
619,Cachaça Floresta Ouro 490Ml,4.69,4.69
620,Cachaça Canelinha da Serra Garrafa 900Ml,9.9,9.9
621,Coquetel Vim do Vale Garrafa 2 Litros,15.98,15.98
622,Cachaça Japira Red Fruits 500Ml,3.99,3.99
623,Conhaque Porto Rico de Mel 940Ml,9.9,9.9
624,Drink Pronto Beats Drinks Mint Sabor Mojito Skol 269Ml,7.18,7.18
625,Drink Pronto Beats Senses Skol Beats 269Ml,6.11,6.11
626,Drink Pronto Beats Drinks Ginger Sabor Moscow Mule Skol 269Ml,7.18,7.18
627,Drink Pronto Beats Drinks Gt Sabor Gin&Tônica Skol 269Ml,7.18,7.18
628,Bebida Catuaba Comary Selvagem 1L,16.89,16.89
629,Bebida Mista Senses Skol Beats 269Ml,7.98,7.98
630,Drink Pronto Beats Gt Sabor Gin&Tônica Long Neck Skol 269Ml,8.98,8.98
631,Smirnoff Ice Original 275Ml,10.98,10.98
632,Catuaba Selvagem 300Ml,5.98,5.98
633,Catuaba Japira Garrafa 1 Litro,10.98,10.98
634,Vinho Tinto Suave Nacional de Mesa Pérgola 1L,26.98,26.98
635,Vinho Campo Largo Tinto Suave Garrafa 750Ml,19.98,19.98
636,Vinho Tinto Brasileiro Suave Dom Bosco 750Ml,15.98,15.98
637,Vinho Tinto Brasileiro Chapinha Suave Garrafa 750Ml,14.98,14.98
638,Vinho Tinto Seco Nacional de Mesa Pérgola 1L,26.98,26.98
639,Vinho Tinto Campo Largo Seco Garrafa 750Ml,19.98,19.98
640,Vinho Tinto Suave Canção 750Ml,15.98,15.98
641,Vinho Almadén Cabernet Suave 750Ml,26.89,26.89
642,Vinho Tinto Del Grano Gold Suave Garrafa 1L,20.99,20.99
643,Sidra de Pêssego Cereser 660Ml,18.98,18.98
644,Sidra Cereser Maça 660Ml,16.89,16.89
645,Sabonete Pom Pom Glicerinado 80G,4.39,4.39
646,Toalha Umedecida Piquitucho Baby Embalagem 48 Un,8.79,8.79
647,Fralda Descartável M Pampers Supersec Pacote 30 Un,33.98,33.98
648,Fralda Personal Soft & Protect M 28Un,28.98,28.98
649,Fralda Descartável Infantil Baby Protect & Sec Tamanho G Personal 22Un,25.98,25.98
650,Fralda Descartável Protec & Sec P Personal Baby 28Un,25.98,25.98
651,Fralda Descartável Turma da Mônica Baby Tamanho Xg Huggies 20Un,28.98,28.98
652,Gel Condicionador Fixador Ny Looks Fator 4 240G,8.98,8.98
653,Óleo de Rícino 100% Puro Farmax 30Ml,7.79,7.79
654,Água Oxigenada Avante 40 Volumes 40Ml,2.29,2.29
655,Creme de Hidratação Skala Ceramidas G3 Plus 1Kg,10.98,10.98
656,Tintura para Cabelo Preto 2.0 Cor & Ton 130,15.98,15.98
657,Creme de Hidratação Skala Expert Bomba de Vitaminas 100% Vegano & 0% Origem Animal 1Kg,10.98,10.98
658,Tintura para Cabelo Megacolors Vermelho Amora 5.546 Cor & Ton 125G,15.98,15.98
659,Shampoo Darling Ceramidas 350Ml,8.98,8.98
660,Tintura para Cabelo Preto Azulado Especial Cor & Ton 50G,15.98,15.98
661,Solução À Base de Amônia Farmax 100Ml,2.89,2.89
662,Shampoo Bomba de Coco 325Ml,10.98,10.98
663,Shampoo Seda Recarga Natural Bambu e Biotina 325 Ml,10.98,10.98
664,Shampoo de Babosa + Óleos Seda 325Ml,10.98,10.98
665,Condicionador Neutrox Clássico 100Ml,3.99,3.99
666,Tintura para Cabelo Castanho Escuro 3.0 Cor e Ton 125G,15.98,15.98
667,Tintura para Cabelo Chocolate 6.7 Cor e Ton 125G,15.98,15.98
668,Shampoo Naturals Iluminador Pretos Palmolive 350Ml,10.89,10.89
669,Condicionador Darling Ceramidas 350Ml,11.69,11.69
670,Shampoo Cachos Livres Extrato de Coco Palmolive 350Ml,10.89,10.89
671,Condicionador Bomba de Nutrição Seda 325Ml,13.49,13.49
672,Condicionador Seda Pretos Luminosos Secagem Rápida 325Ml,13.49,13.49
673,Condicionador Palmolive Naturals Hidratação Luminosa Óleo de Argan 350Ml,13.69,13.69
674,Shampoo Seda Óleo Hidratação Embalagem 350Ml,10.98,10.98
675,Condicionador Palmolive Naturals Maciez Prolongada 350Ml,13.69,13.69
676,Reparador de Pontas Oil Brilho Siliconado 30G,7.49,7.49
677,Shampoo + Condicionador Infantil Neutro Topz Patrulha Canina Cremer 200Ml,22.79,22.79
678,Creme para Pentear Queratina Agata 300 Ml,7.98,7.98
679,Água Oxigenada Avante Vol 20 Embalagem 90Ml,2.29,2.29
680,Gel Fixador Agata Azul Incolor 240G,6.69,6.69
681,Kit de Shampoo + Condicionador Cachos Hidratados Topz,22.79,22.79
682,Água Oxigenada Avante 20 Volumes 30Ml,2.29,2.29
683,Creme de Pentear Tutano de Boi Agata Frasco 300Ml,7.98,7.98
684,Sabonete Nips Cremoso Rosa Frutas Vermelhas Unidade 90G,2.39,2.39
685,Sabonete Lux Lírio Azul 85G,2.49,2.49
686,Sabonete Lux Buquê de Jasmim 85G,2.49,2.49
687,Sabonete Nips Cremoso Erva Doce Unidade 90G,2.39,2.39
688,Sabonete Lux Rosas Francesas 85G,2.49,2.49
689,Sabonete Dove Original 90G,4.98,4.98
690,Sabonete Nips All Day Mate Verde Embalagem 90G,2.39,2.39
691,Sabonete Nips Cremoso Azul Algas Marinhas Unidade 90G,2.39,2.39
692,Sabonete Francis Orquídea 85G,2.69,2.69
693,Sabonete Francis Alfazema 85G,2.69,2.69
694,Sabonete Botanicals Lavanda Lux 85G,2.49,2.49
695,Desodorante Antitranspirante Aerosol Original Dove 150Ml,18.49,18.49
696,Sabonete Lux Botanicals Flor de Lótus 85 G,2.49,2.49
697,Sabonete Francis Suave Relaxamento Gardenia 85G,2.69,2.69
698,Sabonete Odor de Rosas Phebo 90G,4.98,4.98
699,Desodorante Antitranspirante Aerossol Powder Dry Motionsense Rexona 150Ml,16.98,16.98
700,Sabonete Phebo Toque de Lavanda Unidade 90G,4.98,4.98
701,Sabonete Francis Sedução Lírio de 90G,2.69,2.69
702,Desodorante Antitranspirante V8 Amarelo Rexona 150Ml,16.98,16.98
703,Sabonete Davene 90G. Oléo de Amêndoas,2.79,2.79
704,Sabonete Phebo Amazonian Unidade 90G,4.98,4.98
705,Desodorante Antitranspirante Rexona Active Dry Azul 150Ml,16.98,16.98
706,Loção Hidratante Flor de Baunilha Paixão 200Ml,7.69,7.69
707,Hidratante Paixão Inspiradora,7.69,7.69
708,Desodorante Masculino Nivea Dry Fresh Rollon 50Ml,11.98,11.98
709,Desodorante Antitranspirante Aerosol Dove Invisible Dry 150Ml,18.49,18.49
710,Sabonete Phebo Patchouly Embalagem 90G,4.98,4.98
711,Aparelho de Barbear Bic Comfort 2 (1 Unidade),2.98,2.98
712,Óleo Corporal e Capilar Farmax Semente de Uva Embalagem 100Ml,9.69,9.69
713,Aparelho de Barbear Bic Comfort3 Normal,5.49,5.49
714,Desodorante Aerosol Mood Sport Masculino 150Ml,8.79,8.79
715,Ap.Probak Ii C/2,2.5,2.5
716,Desodorante Aerosol Mood Sport Feminino 150Ml,8.79,8.79
717,Sabonete Francis Suave Equilíbrio Erva Doce 85G,2.69,2.69
718,Sabonete em Barra Naturals Sensação Purificante Palmolive 85G,2.89,2.89
719,Sabonete Lux Botanicals Rosas Francesas 125G,3.69,3.69
720,Desodorante Antitranspirante Aerosol Dove Invisible 150Ml,18.49,18.49
721,Lâmina de Barbear Wilkinson Sword 3Un,2.0,2.0
722,Bucha Vegetal Sítio Santo Antônio Dupla Face Embalagem 1Un,6.89,6.89
723,Desodorante Rollon Feminino Antitranspirante Pearl Beauty Nivea Embalagem 50Ml,11.98,11.98
724,Desodorante Antitranspirante Feminino Aerosol Cotton Dry Rexona 150Ml,16.98,16.98
725,Desodorante Nivea Original Protect & Care Rollon 50Ml,11.98,11.98
726,Desodorante Antitranspirante Go Fresh Romã e Verbena Dove 150Ml,18.49,18.49
727,Desodorante Aerosol Men sem Perfume Rexona 150Ml,16.98,16.98
728,Desodorante Antitranspirante Rosas e Amêndoas Skala 60Ml,7.98,7.98
729,Desodorante Antitranspirante Suave Invisible 150Ml,11.79,11.79
730,Desodorante Mood Care Women My Health 150Ml,8.79,8.79
731,Desodorante Antitranspirante Aerosol Dove sem Perfume 150Ml,18.49,18.49
732,Loção Hidratante de Avelã Paixão 200Ml,7.69,7.69
733,Sabonete Palmolive Naturals Sensação Luminosa 85G,2.89,2.89
734,Polvilho Antisséptico Granado Tradicional Embalagem 100G,12.98,12.98
735,Hidratante Desodorante Monange Hidratação Intensiva Leite de Amêndoas 200Ml,7.69,7.69
736,Desodorante Antitranspirante Aerosol Proteção Antibacteriana Men Dove 150Ml,18.49,18.49
737,Desodorante Antitranspirante Rexona Feminino Cotton Dry 50Ml,12.89,12.89
738,Hidratante Monange Vita Oils Pele Extrasseca Embalagem 200Ml,7.69,7.69
739,Desodorante Mood Care Men My Health 150Ml,8.79,8.79
740,Desodorante Antitranspirante Suave Sport Fresh 150Ml,11.79,11.79
741,Desodorante Antiperspirante Tabu Tradicional Embalagem Creme 55G,5.89,5.89
742,Desodorante Antitranspirante Suave Lavanda e Erva Doce 150Ml,11.79,11.79
743,Lâmina de Barbear Lord Platinum Class com 5 Laminas,2.5,2.5
744,Creme Hidratante Corpo a Corpo Ousadia Davene 200Ml,7.39,7.39
745,Creme Hidratante Cereja e Avelã Todo Dia Natura 400Ml,58.9,58.9
746,Esponja de Banho Dupla Face Enlace 12Un,2.89,2.89
747,Sabonete em Barra Ameixa e Baunilha Tododia Natura 90G 5Un - Sortidos,26.9,26.9
748,Colônia Uomini Black o Boticário Embalagem 100 Ml,144.9,144.9
749,Desodorante Roll-On Avon Musk Freeze 50Ml,6.99,6.99
750,Curativos Transparentes Band-Aid Embalagem 40Un,14.98,14.98
751,Água Oxigenada Farmax 10 Volumes Embalagem 100Ml,4.19,4.19
752,Papel Higiênico Bob Neutro 30 Metros Embalagem 12Un,10.59,10.59
753,Papel Higiênico Bob Premium Folha Dupla 30M Leve 12 Pague 11,12.98,12.98
754,Haste Flexível Cottonbaby 75Un,3.29,3.29
755,Hastes Flexives Topz com 75Un,2.89,2.89
756,Papel Higiênico Fofinho Folha Simples Neutro Pacote 12Un,13.59,13.59
757,Hastes Flexíveis Johnsons Caixa 75Un,6.39,6.39
758,Algodão Bola Apolo 50G,3.49,3.49
759,Absorvente com Abas Total Protect Suave Sym Leve 16 Pague 14 Unidades,8.29,8.29
760,Hastes Flexíveis Topz Bastonetes Caixa 150Un,6.98,6.98
761,Absorvente Sym Noite e Dia Suave C/ Abas Lv 8 Pg 7,6.29,6.29
762,Algodão Apolo Discos Pacote 35G,5.98,5.98
763,Absorvente Suave com Abas Total Protect Santher Sym Leve 8 Pague 7,3.89,3.89
764,Absorvente Externo Intimus Noturno Suave com Abas 8 Unidades,9.49,9.49
765,Papel Higiênico Bob Neutro 30M Pacote 4Un,3.98,3.98
766,Papel Higiênico Bob Neutro 60M Embalagem Leve 12 Rolos Pague 11,16.59,16.59
767,Algodão Apolo 25G,2.49,2.49
768,Papel Higiênico Personal Neutro 30M Folha Simples Oferta Pacote 12Un,12.89,12.89
769,Absorvente Intimus Gel Suave com Abas com 8Un,5.98,5.98
770,Absorvente Sym 360 Ação Seca com Abas Oferta 16 Unidades,8.29,8.29
771,Papel Higiênico Carinho Plus 30M Pacote 4 Rolos,3.69,3.69
772,Papel Higiênico Folha Simples Neutro Paloma 30M Pacote 8Un,7.98,7.98
773,Absorvente Clinoff Suave C/ Abas C/ 8Un,2.98,2.98
774,Absorvente Sym Total Protect Seca C/ Abas Lv 8 Pg 7,3.89,3.89
775,Absorvente Externo Intimus Noturno Seca com Abas 8 Unidades,9.79,9.79
776,Papel Higiênico Paloma Perfumado Pacote 4 Rolos,4.29,4.29
777,Papel Higiênico Bob Neutro Folha Simples 90M 4Un,7.98,7.98
778,Absorvente com Abas Adapt Plus Noite Dia Sempre Livre 8Un,10.98,10.98
779,Papel Higiênico Personal Neutro Folha Simples 4Un,4.89,4.89
780,Absorvente Interno Intimus Super 8 Unidades,11.89,11.89
781,Absorvente Intimus Gel Suave sem Abas com 8Un,5.98,5.98
782,Absorvente Adapt Cobertura Suave com Abas Sempre Livre com 8Un,7.29,7.29
783,Protetor Diário Sym sem Fragrância Pacote 15 Unidades,5.98,5.98
784,Papel Higiênico Folha Simples Paloma 30M Pacote com 4 Rolos,4.29,4.29
785,Papel Higiênico Bob Rolão Neutro 60M Pacote 4 Rolos,5.89,5.89
786,Papel Higiênico Paloma Folha Simples Camomila Pacote 4 Rolos 30M X 10Cm,4.29,4.29
787,Papel Higiênico Folha Dupla Neutro Smart 30M 12Un,17.89,17.89
788,Fraldas Geriátricas Bigfral Plus Adulto Xg Pacote 7 Un,26.9,26.9
789,Absorvente Sym Total Protect Suave S/ Abas C/ 8Un,4.29,4.29
790,Papel Higiênico Folha Simples Neutro 60 Metros Smart Leve 12 Pague 11,16.98,16.98
791,Creme Dental Colgate Mpa 50G,3.79,3.79
792,Creme Dental Colgate Máxima Proteção Anticáries 90G,4.98,4.98
793,Creme Dental Colgate Total 12 Clean Mint 90G,9.59,9.59
794,Creme Dental Sorriso Tripla Limpeza Completa 70G,3.29,3.29
795,Creme Dental Sorriso Carvao 60G,5.89,5.89
796,Creme Dental Tripla Ação Colgate 50G,2.49,2.49
797,Creme Dental Colgate Tripla Ação Menta Original 180G,8.98,8.98
798,Creme Denta Máxima Proteção Anticáries L Colgate 180G,9.98,9.98
799,Creme Dental Sorriso Dentes Brancos 180G Unid,6.98,6.98
800,Enxaguante Bucal Colgate Plax Fresh Mint 250Ml,13.99,13.99
801,Creme Dental Sorriso Super Refrescante 90G,4.29,4.29
802,Escova de Dente Macia Blu,2.79,2.79
803,Escova Dental Nova Dura Cores Sortidas Blu Un,2.79,2.79
804,Acetona Farmax 100Ml,5.49,5.49
805,Removedor de Esmalte sem Acetona Farmax 100Ml,5.49,5.49
806,Desodorante em Pó para Os Pés Tenys Pé Baruel Canforado Embalagem 100G,10.98,10.98
807,Amendoim Mendorato Santa Helena 27G,1.0,1.0
808,Biscoito Aymoré Tortini Trufa 90G,2.29,2.29
809,Biscoito Wafer Bauducco Chocolate Pacote 140G,4.59,4.59
810,Biscoito Wafer de Chocolate Visconti 120G,3.79,3.79
811,Aymoré Biscoito Recheado Chocolate 120G,2.98,2.98
812,Biscoito Aymoré Tortini Chocolate 90G,2.29,2.29
813,Biscoito Cookies Maxi Chocolate Bauducco 96G,5.89,5.89
814,Biscoito Wafer Visconti Morango Pacote 120G,3.79,3.79
815,Aymoré Biscoito Recheado Brigadeiro 120G,2.98,2.98
816,Wafer Bauducco 140G Choco C Avela,4.59,4.59
817,Biscoito Doce Mabel Rosquinha de Coco Pacote 800G,12.98,12.98
818,Biscoito Doce Aymoré Maizena 200G,3.59,3.59
819,Aymoré Biscoito Amanteigado Chocolate 330G,7.69,7.69
820,Biscoito Wafer Maxi Chocolate Bauducco 117G,4.59,4.59
821,Biscoito Recheado Baunilha Gulosos Bauducco 140G,3.19,3.19
822,Aymoré Biscoito Recheado Morango 120G,2.98,2.98
823,Biscoito Doce Ninfa Maizena Leite Embalagem 185G,2.49,2.49
824,Biscoito Recheado Danix Chocolate 130G,3.39,3.39
825,Biscoito Doce Aymoré Coco 200G,5.59,5.59
826,Cookies Bauducco Original Pacote 110G,5.89,5.89
827,Biscoito Waffer Chocolate com Avelã Aymoré 105G,3.89,3.89
828,Biscoito Doce Recheado Morango Visconti Pacote 125G,2.69,2.69
829,Biscoito Doce Aymoré Maizena Duo 200G,3.59,3.59
830,Cookie Bauducco Chocolate Pacote 110G,5.89,5.89
831,Recheadinho Bauducco Goiabinha 112G,3.98,3.98
832,Biscoito Doce Bauducco Maizena Embalagem 170G,3.98,3.98
833,Biscoito Doce Recheado Bauducco Moran 140G,3.19,3.19
834,Biscoito Cereal Mix Cacau e Cereais Aymoré 135G,3.89,3.89
835,Biscoito Recheado Original Oreo 90G,3.98,3.98
836,Biscoito Recheado Visconti Chocolate Pacote 125G,2.69,2.69
837,Danix Biscoito Recheado Morango 130G,3.39,3.39
838,Biscoito Doce Vilma Rosquinha de Coco 330G,5.79,5.79
839,Danix Biscoito Recheado Choco Choco 130G,3.39,3.39
840,Biscoito Integral Cereal Mix Banana e Canela Aymoré 135G,3.89,3.89
841,Biscoito Vilmar Wafer Chocolate 115G,3.29,3.29
842,Biscoito Sequilho Smart Coco 300G,8.29,8.29
843,Biscoito de Chocolate Wafer Aymoré 105G,3.89,3.89
844,Biscoito Doce Recheado Oreo Original 36G,2.18,2.18
845,Biscoito Maria Aymoré 185G,3.59,3.59
846,Biscoito Wafer de Limão Aymoré 105G,3.89,3.89
847,Biscoito Cereal Mix de Aveia e Mel Aymoré 135G,3.89,3.89
848,Biscoito Recheado de Morango Vilma 120G,2.79,2.79
849,Danix Biscoito Recheado Choco Shake 130G,3.39,3.39
850,Biscoito Doce Recheado Vilma Limão Embalagem 120G,2.79,2.79
851,Suspiro Vovô Delma Morango 150G,6.98,6.98
852,Suspiro Delma Sabor Limão Pacote 150G,6.98,6.98
853,Biscoito Cookies com Gotas de Chocolate Toddy 57G,3.59,3.59
854,Biscoito Waffer Sabor Morango Aymoré 105G,3.89,3.89
855,Biscoito Cookie Sabor Chocolate com Gotas com Cobertura de Chocolate Branco Maxi Bauducco 96G,5.89,5.89
856,Aymoré Biscoito Recheado Choco Creme 120G,2.98,2.98
857,Biscoito Doce Recheado Vilma Chocolate Embalagem 120G,2.79,2.79
858,Biscoito de Polvilho Smart Tradicional 150G,5.98,5.98
859,Biscoito Wafer Morango Vilma Pacote 115G,3.29,3.29
860,Biscoito Doce Vilma Rosquinha de Leite 330G,5.79,5.79
861,"Biscoito Banana, Aveia e Mel Vittamax 500G",15.98,15.98
862,Biscoito Amanteigado Sabor Leite Aymoré 248G,7.69,7.69
863,Biscoito Tradição Escaldado 150G,6.49,6.49
864,Biscoito Casadinho Tradicional Vovo Delma 300G,7.98,7.98
865,Biscoito Nenem São Tiago 250G,7.59,7.59
866,Biscoito Aymoré Salpet Tradicional 200G,4.49,4.49
867,Biscoito Aymoré Salpet Tradicional 100G,2.89,2.89
868,Biscoito Cream Cracker Aymoré 164G,3.59,3.59
869,Biscoito Salgado Ninfa Água e Sal Pacote 370G,4.98,4.98
870,Biscoito de Água e Sal Aymoré 164G,3.59,3.59
871,Biscoito Original Pit Stop 162G,5.59,5.59
872,Biscoito Club Social Salgado Original 24G,1.09,1.09
873,Biscoito Aymoré Água e Sal 200G,3.59,3.59
874,Biscoito Club Social Regular Presunto Multipack 141G,5.79,5.79
875,Biscoito Argola Smart Queijo 150G,5.98,5.98
876,Biscoito Água Sal Vilma Embalagem 200G,3.39,3.39
877,Biscoito Smart Papa Ovo 150G,5.98,5.98
878,Biscoito Salgado Vilma Cream Cracker Embalagem 200G,3.39,3.39
879,Biscoito Polvilho Vovô Delma Sabor Queijo 150G,6.98,6.98
880,Biscoito Club Social Regular Pizza Multipack 141G,5.79,5.79
881,Biscoito Salgado Smart Escaldado 150G,5.98,5.98
882,Biscoito Aymoré Cracker Manteiga 200G,5.49,5.49
883,Biscoito de Polvilho Palito Tradicional Delma 100G,4.98,4.98
884,Biscoito Polvilho Vovô Delma Palito Tradicional 100G,4.98,4.98
885,Biscoito Polvilho Vovô Delma Bolinha Sabor Queijo 100G,4.98,4.98
886,Biscoito Polvilho Tradição Tradicional 150G,6.49,6.49
887,Biscoito Tradição Papa Ovo 150G,6.49,6.49
888,Biscoito de Polvilho Delma Papa Ovo Embalagem 100G,4.98,4.98
889,Biscoito Povilho Vovo Delma Escaldado 100G,4.98,4.98
890,Biscoito de Polvilho Vovó Delma Embalagem 150G,6.98,6.98
891,Biscoito Polvilho Tradição Bola Sabor Queijo 150G,6.49,6.49
892,Biscoito de Queijo Kg,31.99,31.99
893,Salgadinho Onda Requeijão Elma Cheetos 45G,2.99,2.99
894,Salginho Cebolitos Elma Chips 31G,2.99,2.99
895,Salgadinhos Fandangos Presunto 45G,2.49,2.49
896,Salgadinhos Fandangos Queijo 45G,2.49,2.49
897,Doritos Queijo Nacho Elma Chips 53G,4.99,4.99
898,Salgadinho de Lua Parmesão Cheetos 40G,2.99,2.99
899,Salgadinho Doritos Queijo Nacho 167G,13.99,13.99
900,Salgadinho Stiksy Palitinhos Pacote 130G,2.49,2.49
901,Batata Ruffles Original 40G,3.99,3.99
902,Salgadinho de Milho Doritos® Queijo Nacho 84G,8.99,8.99
903,Salgadinho Batata Ruffles Churrasco Elma Chips 40G,3.99,3.99
904,Doritos Pizza Rir 78G,8.99,8.99
905,Salgadinho Fandangos Presunto 140G,11.99,11.99
906,Salgadinho Sweet Chili Doritos 53G,4.99,4.99
907,Batata Ruffles Cebola e Salsa Elma Chips 40G,3.99,3.99
908,Salgadinho de Milho Onda Requeijão Elma Chips Cheetos 75G,5.99,5.99
909,Salgadinho de Milho Fandangos Sabor Presunto 80G,5.99,5.99
910,Salgadinho Lua Parmesão Elma Chips Cheetos 125G,11.99,11.99
911,Batata Frita Lisa Clássica Lays 80G,8.99,8.99
912,Batata Rufles Original 92G,8.99,8.99
913,Pururuca Smart Sabor Bacon 70G,3.98,3.98
914,Salgadinho de Milho Cebola Elma Chips Cebolitos 110G,11.99,11.99
915,Batata Frita Lisa Sensações Premium Sabor Frango Grelhado Lay's 40G,5.49,5.49
916,Batata Frita Lisa Clássica Lay's 45G,4.99,4.99
917,Batata Frita Ruffles 96G Cebola Salsa,8.99,8.99
918,Salgadinho Sabor Baconzitos Elma Chips 31G,2.99,2.99
919,Batata Frita Lisa Creme de Cebola Lays 80G,8.99,8.99
920,Salgadinho Smart Sabor Bacon 100G,3.49,3.49
921,Salgadinho Pingo D'ouro Picanha Grelhada Pacote 65G,2.49,2.49
922,Batata Sensações Sabor Peito de Peru Lay's 40G,5.49,5.49
923,Batata Ruffles Original 145G,13.99,13.99
924,Batata Ruffles Sabor Cheetos Elma Chips 35G,3.99,3.99
925,Salgadinho Smart Sabor Pimenta 100G,3.49,3.49
926,Batata Ruffles Churrasco 96G,8.99,8.99
927,Batata Frita Lay's Creme de Cebola Elma Chips 45G,4.99,4.99
928,Salgadinho Sabor Salsa e Cebola Petisko 40G,1.98,1.98
929,Salgadinhos,38.99,38.99
930,Salgadinho Chips de Conchinha Sabor Presunto Plincão 100G,3.49,3.49
931,Batata Palha Fritalha 120G,5.29,5.29
932,Bananas Fritas Puro Sabor 90G,3.98,3.98
933,Chips Plinc Galinha Caipira 100G,3.49,3.49
934,Batata Chips Quero Mais 100G,5.98,5.98
935,Salgadinhos Plincão Cheddar com Bacon 100G,3.49,3.49
936,Salgadinho Batata Palito Plincão 100G,3.49,3.49
937,Salgadinhos Plincão Cebola e Salsa 100G,3.49,3.49
938,Torresmo Semi-Pronto 200G,8.98,8.98
939,Salgadinho Costelinha com Limão Petisko 40G,1.98,1.98
940,Batata Palha Deminas 300G,7.98,7.98
941,Salgadinhos Sabor Pastelzinho de Queijo Iva Snacks 150G,4.49,4.49
942,Salgadinhos Plincão Queijo 100G,3.49,3.49
943,Batata Palha Fritalha 300G,11.59,11.59
944,Refresco em Pó Sabor Laranja Fresh 15G,1.59,1.59
945,Presunto Pif Paf Fatiado,33.99,33.99
946,Presunto Rezende Fatiado,34.99,34.99
947,Apresuntado Rezende Fatiado,32.99,32.99
948,Apresuntado Sadia Kg,33.99,33.99
949,Presunto Rezende Kg,34.99,34.99
950,Mortadela Bolonha Rezende Fatiada Kg,17.99,17.99
951,Margarina Cremosa com Sal Qmix Qualy 500G,10.98,10.98
952,Manteiga com Sal Camponesa 200G,10.98,10.98
953,Margarina com Sal Delícia 500G,9.69,9.69
954,Requeijão Cremoso Tradicional Camponesa 200G,8.79,8.79
955,Manteiga com Sal Camponesa 500G,24.98,24.98
956,Manteiga com Sal Itambé Primeira Qualidade Pote 500G,29.98,29.98
957,Requeijão Nestlé Tradicional 200G,9.98,9.98
958,Margarina com Sal Qualy 250G,6.98,6.98
959,Margarina Supreme com Sal Delícia 500G,10.59,10.59
960,Requeijão Cremoso Itambé Copo 220G,11.98,11.98
961,Margarina com Sal Delícia 250G,5.29,5.29
962,Requeijão Cremoso Ita 200G,9.79,9.79
963,Manteiga Tradicional Ita 200Gr,10.98,10.98
964,Massa para Pastel Joselito Média Embalagem 500G,10.49,10.49
965,Massa Fresca para Pastel Joselito Pequena Embalagem 500G,10.49,10.49
966,Massa Fresca para Lasanha Joselito Embalagem 500G,11.98,11.98
967,Queijo Mussarela Fatiado Kg,49.99,49.99
968,Queijo Canastra,49.99,49.99
969,Condimento Tomilho Sabor 10G,3.29,3.29
970,Queijo Parmesão Ralado Pachá 50G,6.98,6.98
971,Sardinha Coqueiro em Óleo de Soja 125G,6.98,6.98
972,Atum Ralado Ao Natural Gomes da Costa 170G,7.69,7.69
973,Sardinha Coqueiro com Molho de Tomate Lata 125G,6.89,6.89
974,Sardinha de Molho de Tomate 88 com 125G,6.49,6.49
975,Milho Stella D'oro 280G,3.79,3.79
976,Milho Verde Crocante Ao Vapor Fugini 170G,3.69,3.69
977,Ervilha Arveja Bonate 280G,3.98,3.98
978,Azeitona sem Caroço Tozzi 260G,6.39,6.39
979,Azeitonas Verdes Fontini Sachê 100G,2.79,2.79
980,Milho Verde Olé Vidro 170G,4.98,4.98
981,Palmito Braspalm Vidro 300G,21.98,21.98
982,Azeitona Verde Recheada Sachê Tozzi 260G,6.89,6.89
983,Azeitona Verde com Caroço Gran Olivo Pote 500G,11.79,11.79
984,Palmito de Açaí Smart Inteiro Vidro 300G,22.98,22.98
985,Palmito de Açaí Picado Braspalm 270G,15.98,15.98
986,Azeitonas Verdes Del Chef Fatiada Vidro 175G,8.98,8.98
987,Champignon Fatiado Amo 100G,11.98,11.98
988,Pimenta Malagueta Guli 210G,9.98,9.98
989,Ervilha Crocante Ao Vapor Ramy 200G,2.98,2.98
990,Azeitona Vianeza com Caroço Sachê 150G,4.39,4.39
991,Pimenta Biquinho Uni Guli 310G,12.98,12.98
992,Azeitonas Verdes Fontini 150G,4.29,4.29
993,Champignon Inteiro Amo 100G,11.98,11.98
994,Maionese Tradicional Hellmann's 500G,9.98,9.98
995,Maionese Tradicional Hellmann's 250G,7.29,7.29
996,Maionese Soya Pote 500G,5.98,5.98
997,Maionese Soya Sachê 200G,2.49,2.49
998,Ketchup Tradicional Heinz 397G,15.98,15.98
999,Catchup Colonial Tradicional Embalagem 400G,5.98,5.98
1000,Maionese D'ajuda Sachê 200G,2.39,2.39
1001,Molho Barbecue Billy & Jack 210G,7.98,7.98
1002,Molho Kisabor Billy Jack Cheddar 200G,7.69,7.69
1003,Catchup Picante Colonial 400G,5.98,5.98
1004,Maionese Tradicional Arisco 500G,7.59,7.59
1005,Molho Verde Billy & Jack Embalagem 200G / 190Ml,7.69,7.69
1006,Molho de Pimenta Kenko Pimenta Vermelha Embalagem 150Ml,4.69,4.69
1007,Molho para Salada Kenko Rosé Embalagem 236Ml,7.98,7.98
1008,Maionese Heinz 215G,13.98,13.98
1009,Molho para Salada Kenko Mostarda e Mel 236Ml,7.98,7.98
1010,Molho para Salada Ervas Finas Kenko 236Ml,7.98,7.98
1011,Molho para Salada Kenko Limão Embalagem 236Ml,7.98,7.98
1012,Molho de Alho Pirata Embalagem 150Ml,4.29,4.29
1013,Maionese Amo Pote 500G,5.69,5.69
1014,"Molho Barbecue Colonial 3,5L",39.98,39.98
1015,Molho para Carnes Alheiro 500Ml,5.39,5.39
1016,Molho de Pimenta Malagueta Vermelha Marca Sabor Embalagem 80G,6.79,6.79
1017,Molho Shoyu Sabor Embalagem 150Ml,4.79,4.79
1018,Catchup Tradicional Chapadão Embalagem 370G,3.69,3.69
1019,Catchup Pirata Picante Frasco 400G,6.89,6.89
1020,Ketchup Original Sabor Original 400G,7.69,7.69
1021,Molho Barbecue Sabor Embalagem 215G,5.29,5.29
1022,Molho Inglês Alheiro 900Ml,8.79,8.79
1023,Catchup Pirata Tradicional Frasco 400G,6.89,6.89
1024,Molho de Alho Sabor 500Ml,8.98,8.98
1025,Molho Shoyu Sabor 900Ml,12.89,12.89
1026,Molho de Tomate Tradicional Quero 300G,2.29,2.29
1027,Extrato Elefante Tomate 310G,6.29,6.29
1028,Molho de Tomate Tradicional Val 340G,1.39,1.39
1029,Molho de Tomate Tradicional Cajamar Sachê 300G,2.09,2.09
1030,Molho de Tomate Tradicional Tarantella 300G,2.79,2.79
1031,Molho de Tomate Tradicional Tarantella Sachê 300Gr,2.15,2.15
1032,Molho de Tomate Tradicional Etti Sachê 300G,2.09,2.09
1033,Extrato de Tomate Colonial Lata 350G,3.98,3.98
1034,Molho de Tomate Pomarola Caseiro Clássico Sachê 300G,3.19,3.19
1035,Molho de Tomate Tradicional Pomarola Lata 340G,4.89,4.89
1036,Molho de Tomate Pomarola Pizza Sachê 300G,4.39,4.39
1037,Extrato de Tomate Cajamar Lata 140G,2.89,2.89
1038,Extrato de Tomate Colonial Copo 260G,4.39,4.39
1039,Extrato de Tomate Colonial Sachê 350G,2.79,2.79
1040,Extrato de Tomate Olé Copo 260G,3.89,3.89
1041,Molho de Tomate Bolonhesa Salsaretti 300G,4.39,4.39
1042,Creme de Cebola Toscano Pacote 65G,3.98,3.98
1043,Tempero para Carnes Sazón Pacote 60G,5.98,5.98
1044,Caldo de Galinha Knorr 12Un,3.79,3.79
1045,Caldo de Galinha Knorr 57G,2.29,2.29
1046,Bicarbonato de Sódio Pirata Embalagem 80G,2.89,2.89
1047,Bicarbonato de Sódio Alheiro 80G,1.89,1.89
1048,Massa de Alho Pirata Embalagem 500G,6.98,6.98
1049,Tempero para Feijão Sazón 60G,5.98,5.98
1050,Caldo de Carne Knorr 57G,2.29,2.29
1051,Tempero Sazón Frango 60G,5.98,5.98
1052,Tempero Pronto Kitano Mais Sabor Carne Sachê 60G,5.29,5.29
1053,"Caldo em Pó Sazon Sabor Carne 32,5G",2.59,2.59
1054,Bicarbonato de Sódio Smart 110G,3.29,3.29
1055,Alho Frito Granulado Sabor 30G,5.98,5.98
1056,Massa de Alho Pirata 300G,4.29,4.29
1057,Tempero Sazón Arroz 60G,5.98,5.98
1058,"Cebola, Alho e Salsa Sabor 20G",4.39,4.39
1059,Tempero Pronto Pirata sem Pimenta 300G,4.29,4.29
1060,Amaciante de Carne com Tempero Sabor 30G,2.98,2.98
1061,Manjericão Desidratado Sabor 5G,2.49,2.49
1062,Erva Doce Mais Sabor 10G,2.98,2.98
1063,Ervas Finas Desidratada Sabor 10G,3.98,3.98
1064,Bicarbonato de Sódio Sabor 30G,2.29,2.29
1065,Alecrim Sabor 5G,2.49,2.49
1066,Condimento Sabor Cheiro Verde 5Gr,3.39,3.39
1067,Açafrão em Pó Sabor 10G,2.49,2.49
1068,Coentro em Pó Sabor 10G,2.49,2.49
1069,Tempero Baiano Sabor 10G,4.29,4.29
1070,Gengibre Pó Sabor Condimentos 10G,2.98,2.98
1071,Pimenta do Reino em Grão Sabor 10G,2.98,2.98
1072,Cominho em Grão Sabor 10G,3.29,3.29
1073,Orégano Sabor 11G,3.29,3.29
1074,Cravo da Índia Sabor 5G,3.29,3.29
1075,Cebolinha Verde Desidratada Sabor 5G,2.98,2.98
1076,Louro em Po Sabor 5G,2.49,2.49
1077,Especiarias Sabor Bicarbonato de Sódio Embalagem 500G,11.98,11.98
1078,Pimenta Calabresa Sabor 10G,2.98,2.98
1079,Pimenta Rosa Sabor 8G,3.49,3.49
1080,Páprica Defumada Sabor 10G,3.69,3.69
1081,Pimenta do Reino em Pó Sabor 10G,2.98,2.98
1082,Pimenta do Reino Branca Grão Sabor 10G,3.29,3.29
1083,Curry Sabor 10G,3.69,3.69
1084,Chimichurri Sabor 10G,3.98,3.98
1085,Tempero Pronto Uni Guli Massa de Alho 300G,5.98,5.98
1086,Canela em Casca Sabor 8G,3.98,3.98
1087,Canela em Pó Sabor 8G,3.98,3.98
1088,Colorau Uni Guli 250G,5.49,5.49
1089,Tempero Sabor Aves 40G,3.98,3.98
1090,Salsa Desidratada Sabor 5G,2.98,2.98
1091,Louro em Folhas Sabor 5G,2.98,2.98
1092,Páprica Doce Sabor 10G,3.29,3.29
1093,Sabor Condimentos Açafrão Terra e Pimenta Caíena 10G,3.29,3.29
1094,Tempero Pronto Uni Guli Completo 300G,5.89,5.89
1095,Lemon Pepper Sabor 20G,4.79,4.79
1096,Colorau Sabor 30G,2.79,2.79
1097,Leite Fermentado Desnatado Adoçado Yakult Pote 80G 6Un,11.99,11.99
1098,Leite Fermentado Chamyto Nestlé 75G com 6Un,8.89,8.89
1099,Iogurte Polpa Itambé Morango e Coco Bandeja 540G,6.98,6.98
1100,Leite Fermentado Yakult Unidade 80G,2.0,2.0
1101,Leite Fermentado Trevinho 480G 6Un,7.98,7.98
1102,Iogurte Parcialmente Desnatado Sabor Morango e Coco Trevinho 540G,5.69,5.69
1103,Bebida Láctea Goody Morango 540G,5.79,5.79
1104,Petit Suisse Trevinho Morango Bandeja 360G,7.98,7.98
1105,Bebida Láctea Pulsi Morango Garrafa 180G,2.69,2.69
1106,Petit Suisse Morango Danoninho Danone 80G,3.29,3.29
1107,Leite Fermentado Chamyto 6X120g,12.98,12.98
1108,Iogurte Morango Itambé Gf 170G,3.29,3.29
1109,Iogurte Morango Nestlé 170G,3.79,3.79
1110,Leite Fermentado Chamyto 120G Big,1.79,1.79
1111,Iogurte Trevinho Coco 180G,2.98,2.98
1112,Iogurte Itambé Coco Garrafa 170G,3.29,3.29
1113,Iogurte Ninho Maçã e Banana 170G,4.49,4.49
1114,Iogurte Ninho Morango 170G,4.49,4.49
1115,Iogurte Trevinho Ball Morango Confeitos 130G,6.98,6.98
1116,Iogurte Neston Maçã e Banana 170G,4.29,4.29
1117,Iogurte Trevinho Frutas Vermelhas Garrafa 180G,2.98,2.98
1118,Bebida Láctea Shake Chocolate Italac 190Ml,3.98,3.98
1119,Leite em Pó Integral Itambé 400G,23.98,23.98
1120,Leite em Pó Nutriay Integral 350Gr,19.98,19.98
1121,Leite Integral Italac Longa Vida 1L,5.49,5.49
1122,Leite Integral Longa Vida Quatá Caixa 1L,5.98,5.98
1123,Leite Integral Uai Unidade 1L,6.89,6.89
1124,Leite Uht Integral Camponesa Caixa 1L,5.79,5.79
1125,Leite Longa Vida Semidesnatado Italac 1L,4.98,4.98
1126,Leite Uht Desnatado Italac Caixa 1L,5.49,5.49
1127,Leite Desnatado Longa Vida Quatá Caixa 1L,7.98,7.98
1128,Leite Longa Vida Desnatado Itambé Caixa 1L,5.98,5.98
1129,Leite Integral Italac Zero Lactose 1L,6.98,6.98
1130,Leite Integral Itambé Nolac Zero Lactose Caixa 1L,6.29,6.29
1131,Trident Hortelã 8G com 5Un,2.0,2.0
1132,Bala Fini Gelatina Dentaduras Embalagem 90G,6.99,6.99
1133,Bala Fini Tubes Morango Cítrico 80G,6.99,6.99
1134,Bala de Gelatina Minhoca Citrica Fini 90G,6.99,6.99
1135,Goma de Mascar Trident Melancia Embalagem 8G,2.0,2.0
1136,Goma de Mascar Trident Tutti Frutti Embalagem 8G,2.0,2.0
1137,Bala Fini Gelatinas Amoras Embalagem 90G,6.99,6.99
1138,Bala Halls Morango Embalagem 28G,1.5,1.5
1139,Goma de Mascar Trident Morango Embalagem 8G,2.0,2.0
1140,Pirulito Cereja Ring Pop Lol Surprise 10G,2.89,2.89
1141,Bala Fini Tubes Super Gigante Twister Embalagem 27G,2.99,2.99
1142,Chiclete de Melância Fini 80G,6.99,6.99
1143,Chiclete Fini Salada de Frutas Azedinha Embalagem 80G,6.99,6.99
1144,Bala Gelatinas Bananas Fini 90G,6.99,6.99
1145,Trident X Fresh Goma de Mascar Cereja Ice Trident 8G,2.0,2.0
1146,Bala Fini Super Gigante Tubes Regaliz Morango 27G,2.99,2.99
1147,Bala Mentol Forte Halls 34G,1.5,1.5
1148,Goma de Mascar Trident Canela Embalagem 8G,2.0,2.0
1149,Bala Halls Menta Prata Embalagem 34G,1.5,1.5
1150,Chiclete Flics Tutti Frutti 17G,1.0,1.0
1151,Chiclete Fini Ovos de Dinossauro Azedinhos Embalagem 80G,6.99,6.99
1152,Goma de Mascar Uva Refrescante Flics Cartela 17G,1.0,1.0
1153,Goma de Mascar Arcor Poosh! Morango Unidade 5G,0.25,0.25
1154,Bala Fini Ovos Fritos 90G,6.99,6.99
1155,Bala Fini Tubes Uva Embalagem 80G,6.99,6.99
1156,Bala Halls Melancia 34G,1.5,1.5
1157,Bala Halls Uva Verde Pacote 34G,1.5,1.5
1158,Bala Lol Surprise Ring Pop 14G,3.29,3.29
1159,Goma de Mascar Poosh Hortelã Recheado Arcor Un 6G,0.25,0.25
1160,Pirulito Push Pop Minions Embalagem 15G,4.98,4.98
1161,Drops Halls Extra Forte Unitario,1.5,1.5
1162,Goma de Mascar Flics Morango 17G,1.0,1.0
1163,"Goma de Mascar Adams Tutti Frutti Embalagem 2,8G",0.35,0.35
1164,Goma de Mascar Menta Flics Embalagem 12Un,1.0,1.0
1165,Pirulito Chavinho Fumy Saborian 25G,1.5,1.5
1166,Bala Santa Rita Macia Sortida Embalagem 525G,8.98,8.98
1167,Bombom Nestlé Especialidades 251G,13.98,13.98
1168,Chocolate Barra Amargo 70% Cacau Arcor 80G,7.99,7.99
1169,Chocolate Lacta Ao Leite 90G,7.98,7.98
1170,"Chocolate Ao Leite Kitkat 41,5G",3.39,3.39
1171,Chocolate Lacta Laka Oreo 90G,7.98,7.98
1172,Chocolate Shot Lacta 90G,7.98,7.98
1173,Chocolate Lacta Branco Laka 90G,7.98,7.98
1174,Bombom Ouro Branco 20G,2.0,2.0
1175,"Ferrero Rocher 3Un 37,5G",7.98,7.98
1176,Bombom Sonho de Valsa 20G,2.0,2.0
1177,Cacau em Pó Bretzke Caixa 200G,14.98,14.98
1178,Chocolate Lacta Diamante Negro 90G,7.98,7.98
1179,"Chocolate Tortuguita de Brigadeiro Arcor Un 15,5G",1.25,1.25
1180,"Tortuguita Chococrocante Arcor 15,5G",1.25,1.25
1181,Chocolate Bis Xtra Ao Leite Lacta 45G,3.49,3.49
1182,"Chocolate Kitkat 4 Fingers Dark 41,5G",3.39,3.39
1183,"Chocolate Tortuguita Branco com Recheio de Chocolate Arcor 15,5G",1.25,1.25
1184,Chocolate Bis Xtra Oreo 45G,3.49,3.49
1185,"Chocolate Tortuguita Sabor Napolitano Arcor 15,5G",1.25,1.25
1186,"Chocolate Ao Leite Recheio de Baunilha Tortuguita Arcor 15,5G",1.25,1.25
1187,Chocolate Barra Arcor Ao Leite com Rocklets 80G,5.99,5.99
1188,Chocolate Barra Arcor Ao Leite 80G,5.99,5.99
1189,Chocolate Bis Xtra Black Lacta 45G,3.49,3.49
1190,Chocolate Barra Arcor Ao Leite 150G,8.99,8.99
1191,Chocolate Lacta Diamante Negro 20G,2.5,2.5
1192,Chocolate Arcor Leite e Branco 150G,8.99,8.99
1193,Doce de Leite Camponesa Barra 200G,6.39,6.39
1194,Paçoca Moreninha do Rio Embalagem 15G,0.5,0.5
1195,Doce de Leite Uai Tablete 400G,11.98,11.98
1196,Bananada Tenere Embalagem 500G,7.98,7.98
1197,Goiabada Olé Lata 600G,10.49,10.49
1198,Fondant de Leite Doces Tenére 400G,10.98,10.98
1199,Bananinha Cremosa com Uva Passa Ayê 28G,1.25,1.25
1200,Bananada Natural Ayê 28G,1.25,1.25
1201,Pêssego em Calda Extra Schramm Lata 450G,11.49,11.49
1202,Pêssego em Calda Olé Metades Lata 450G,11.98,11.98
1203,Leite Condensado Italac Semidesnatado 395G,8.59,8.59
1204,Creme de Leite Italac 200G,3.69,3.69
1205,Creme de Leite Quatá Caixa 200G,3.48,3.48
1206,Coco Ralado Úmido Adoçado Menina Pacote 100G,4.69,4.69
1207,Leite Condensado Semidesnatado Quatá Embalagem 395G,7.98,7.98
1208,Leite Condensado Semidesnatado Itambé 395G Tp,9.98,9.98
1209,Granulado Decora sem Lactose Embalagem 120G,3.29,3.29
1210,Creme de Leite Triangulo 200G,4.39,4.39
1211,Leite Condensado Camponesa Caixa 270G,6.49,6.49
1212,Coco Ralado Menina Úmido e Adoçado Pacote 50G,1.98,1.98
1213,Mistura Láctea Condensada Italac 395G,5.39,5.39
1214,Leite Condensado Italac Semidesnatado 270G,5.49,5.49
1215,Coco Ralado Smart Úmido e Adoçado 50G,2.89,2.89
1216,Leite de Coco Menina 200Ml,3.69,3.69
1217,Creme de Leite Itambé Caixa 200G,4.98,4.98
1218,Leite de Coco Sergipe Embalagem 200Ml,3.29,3.29
1219,Cobertura de Chocolate Kenko Embalagem 250G,14.98,14.98
1220,Cobertura de Morango Kenko Embalagem 250G,14.98,14.98
1221,Mistura para Sorvete Yoki Morango Embalagem 150G,7.69,7.69
1222,Corante Artificial Docecor Azul Royal 10Ml,6.39,6.39
1223,Gelatina Bretzke 24G sem Sabor,4.79,4.79
1224,Gelatina em Pó Bretzke Morango Caixa 30G,1.29,1.29
1225,Gelatina em Pó Bretzke Abacaxi Caixa 30G,1.29,1.29
1226,Gelatina em Pó Dr Oetker Tutti-Frutti Caixa 30G,1.79,1.79
1227,Gelatina em Pó Bretzke Framboesa Caixa 30G,1.29,1.29
1228,Gelatina em Pó Bretzke Blueberry Caixa 30G,1.29,1.29
1229,Gelatina em Pó Bretzke Uva Caixa 30G,1.29,1.29
1230,Gelatina em Pó Dr Oetker Framboesa Caixa 30G,1.79,1.79
1231,Gelatina em Pó Bretzke Limão Caixa 30G,1.29,1.29
1232,Gelatina em Pó Dr Oetker Uva Caixa 20G,1.79,1.79
1233,Gelatina Bretzke Tutti Frutti 30G,1.29,1.29
1234,Gelatina em Pó Dr Oetker Maracujá Caixa 30G,1.79,1.79
1235,Gelatina em Pó Bretzke Cereja Caixa 30G,1.29,1.29
1236,Maria Mole Morango Bretzke 50G,1.98,1.98
1237,Bolinho Bauducco Duplo Chocolate 40G,2.29,2.29
1238,Bolinho Bauducco Duo Chocolate 27G,1.49,1.49
1239,Bolinho Bauducco Baunilha e Chocolate 40G,2.29,2.29
1240,Bolo Gelado,35.99,35.99
1241,Mistura para Bolo Vilma Chocolate Embalagem 400G,6.79,6.79
1242,Mistura para Bolo Vilma Coco Embalagem 400G,5.79,5.79
1243,Mistura para Bolo Vilma Floresta Negra Embalagem 400G,6.49,6.49
1244,Mistura para Bolo Vilma Laranja Sachê 400G,5.79,5.79
1245,Pudim de Pão Kg,17.99,17.99
1246,Fermento em Pó Royal 100G,4.39,4.39
1247,Fermento Biológico Seco Fermix Dona Benta Sachê 10G,1.49,1.49
1248,Fermento em Pó Royal 250G,9.98,9.98
1249,Pão de Forma Baldini Leite Tradicional 450G,6.99,6.99
1250,Pão de Forma Tradicional Visconti 400G,6.89,6.89
1251,Bisnaguinha de Leite Baldini 300G,6.99,6.99
1252,Pão de Forma Visconti Integral 400G,7.98,7.98
1253,Pão de Forma Integral Pullman 400G,10.79,10.79
1254,Pão de Queijo,31.99,31.99
1255,Pão de Forma Baldini com Uva Passas Embalagem 350G,9.49,9.49
1256,Pão de Hot Dog Master Pães 500G,10.98,10.98
1257,Pão para Hambúrguer Master Pães Embalagem 800G,10.98,10.98
1258,Pão Sovado Casa Nova 500G,8.98,8.98
1259,Achocolatado em Pó Original Toddy 370G,9.89,9.89
1260,Achocolatado em Pó Nescau 200G,6.29,6.29
1261,Achocolatado Pirakids 200Ml,1.59,1.59
1262,Achocolatado em Pó Achocolatto Sachê 3 Corações 300G,5.98,5.98
1263,Achocolatado em Pó Italac Instantâneo Sachê 400G,5.49,5.49
1264,Achocolatado Danette Uht 200Ml,3.29,3.29
1265,Achocolatado em Pó Original Toddy 200G,6.39,6.39
1266,Bebida Láctea Uht Chocolate Toddynho 200Ml,2.49,2.49
1267,Achocolatado em Pó Original Toddy 750G,17.98,17.98
1268,Bebida Láctea Kids de Morango Itambé 200Ml,1.99,1.99
1269,Achocolatado em Pó Vilma 700G,11.29,11.29
1270,Aveia em Flocos Apti 200G,4.49,4.49
1271,Cereal Infantil Multicereais Mucilon Nestlé 360G,12.69,12.69
1272,Aveia em Flocos Quaker Caixa 165G,6.49,6.49
1273,Barra de Cereal Bolo Chocolate Nutry Embalagem 22G,2.0,2.0
1274,Barra de Cereal Nutry Aveia Banana e Mel Embalagem 22G,2.0,2.0
1275,Café Fino Grão Extra Forte 500G,16.98,16.98
1276,Café Fino Grão Tradicional 500G,16.98,16.98
1277,Café 3 Corações Extra Forte 500G,18.98,18.98
1278,Café Barão Tradicional 500G,15.98,15.98
1279,Café 3 Corações Tradicional Pacote 500G,18.98,18.98
1280,Cafe Fino Grao 500G + Forte,16.98,16.98
1281,Café Torrado e Moído Fort Pacote 500G,16.98,16.98
1282,Café Fino Grão Tradicional 250G,8.98,8.98
1283,Café Melitta Tradicional Sachê 500G,17.98,17.98
1284,Café Moído Dom Pedro Tradicional 500G,16.98,16.98
1285,Café Tradicional 3 Corações 250G,9.98,9.98
1286,Café Fino Grão Extra Forte 250G,8.98,8.98
1287,Café Melitta Extraforte Pouch 500G,17.98,17.98
1288,Café Solúvel 3 Corações Tradicional Refil 50G,6.98,6.98
1289,Cappuccino Iguacu Classic Embalagem 200G,8.98,8.98
1290,Cappuccino 3 Corações Chocolate 200G,13.98,13.98
1291,Café Melitta Tradicional Embalagem 250G,8.98,8.98
1292,Café Barão Extraforte 250G,7.98,7.98
1293,Café Barão Tradicional 250G,7.98,7.98
1294,Café Extra Forte 3 Corações 250G,9.98,9.98
1295,Café Moído Dom Pedro Extra Forte 250G,8.98,8.98
1296,Café Moído Dom Pedro Extra Forte 500G,16.98,16.98
1297,Café Moído Dom Pedro Tradicional 250G,8.98,8.98
1298,Café Torrado e Moído Extraforte Melitta 250G,8.98,8.98
1299,Chá de Camomila Chá Leão com 10Un,3.98,3.98
1300,Chá de Capim Cidreira Leão 10Un,3.98,3.98
1301,Chá de Hortelã Leão com 10Un,3.98,3.98
1302,Chá Matte Leão Original Granel 100G,4.89,4.89
1303,Geléia de Mocotó Vitalidade Tradicional Embalagem 400G,13.98,13.98
1304,Nutella Creme de Avelã 1 Unidade 140G,12.98,12.98
1305,Torrada Tradicional Bauducco Pacote 142G,6.49,6.49
1306,Torrada Integral Visconti Pacote 120G,5.49,5.49
1307,Torrada Integral Bauducco Multigrãos Pacote 142G,6.49,6.49
1308,Mandioca Congelada Pif Paf Mandiokita Pacote 300G,6.79,6.79
1309,Empanado Pif Paf Anel de Cebola Embalagem 400G,12.98,12.98
1310,Steak de Frango Tradicional Seara 100G,1.49,1.49
1311,Steak Empanado de Frango Perdigão 100G,2.39,2.39
1312,Polenta Congelada Pif Paf Palito Pacote 400G,6.89,6.89
1313,Steak de Frango Empanado Recheado de Presunto e Queijo Seara 120G,5.89,5.89
1314,Steak Rezende Frango 100G,2.49,2.49
1315,Mini Kibe Bovino Avivar Embalagem 300G,8.98,8.98
1316,Hambúrguer Texas Burger Misto 56G,1.79,1.79
1317,Hambúrguer Misto Rezende 56G,1.69,1.69
1318,Hambúrguer Bovino Tropeira Sabor Picanha 56G,1.49,1.49
1319,Hambúrguer Bovino Frimesa Unidade 56G,1.98,1.98
1320,Hambúrguer de Frango Pif Paf Embalagem 56G,1.59,1.59
1321,Hambúrguer Frimesa Carne Suína Embalagem 56G,1.69,1.69
1322,Hambúrguer Pif Paf Bovino 90G,2.98,2.98
1323,Hambúrguer Bovino Sabor Picanha Tropeira 90G,2.49,2.49
1324,Pão de Alho Tradicional Shamara Embalagem 280G,8.98,8.98
1325,Pão de Alho Tradicional Zé do Espeto 450G,19.98,19.98
1326,Pão de Alho Zé do Espeto com Tomate Seco 450G,19.98,19.98
1327,Pão de Alho Zé do Espeto Frango com Requeijão 450G,19.98,19.98
1328,Pão Alho Zé do Espeto Alho Poró 450G,19.98,19.98
1329,Pão de Alho Ze do Espeto Quatro Queijos 450G,19.98,19.98
1330,Pão de Queijo Forno & Mesa Tradicional 400G,6.98,6.98
1331,Salgado Coxinha de Frango Avivar Emgalagem 300G,7.69,7.69
1332,Lasanha Rezende Bolonhesa 600G,12.89,12.89
1333,Hot Hit X-Picanha Seara 145G,7.59,7.59
1334,Lasanha Congelada Rezende Frango com Molho Branco e Queijo 600G,13.98,13.98
1335,"Sorvete Napolitano Tradicional Nestlé 1,5L",22.9,22.9
1336,"Sorvete Sabor Napolitano com Flocos Tradicional Nestlé Pote 1,5L",22.9,22.9
1337,"Sorvete de Flocos Tradicional Nestlé Pote 1,5L",22.9,22.9
1338,"Sorvete Moça Sabor Brigadeiro de Morango, Brigadeiro de Chocolate e Beijinho de Coco Nestlé Pote 1,5L",27.9,27.9
1339,Sorvete Sonho de Valsa Sabor Chocolate com Recheio Cremoso Lacta Pote 1L,32.9,32.9
1340,"Sorvete Laka de Chocolate Branco Lacta Pote 1,5L",28.9,28.9
1341,"Sorvete Tentazione Sabor Iogurte Grego com Calda de Frutas Silvestres Nobrelli Pote 1,5L",27.9,27.9
1342,"Sorvete Diamante Negro Chocolate e Laka Chocolate Branco Lacta Pote 1,5L",28.9,28.9
1343,Picolé Baton de Chocolate Garoto 45G,6.3,6.3
1344,"Sorvete Icebom Supreme Napilitano 1,5 Litro",22.9,22.9
1345,Picolé Icebom Frutee Sabor Uva 50G,3.2,3.2
1346,Sorvete Ice Bom Bombom Gelado Brigadeiro Embalagem 65G,5.0,5.0
1347,Picolé Ice Bom Coco Ao Leite 50G,3.75,3.75
1348,Sorvete Ice Bom Flocos 400Ml,7.0,7.0
1349,Soverte Sundae Chocolate Ice Bom 81G,5.4,5.4
1350,Sorvete Ice Bom Mellow Chocolate com Avelã Pote 370Ml,8.0,8.0
1351,Picolé Ice Bom Morango Ao Leite 50G,3.75,3.75
1352,Picolé Ice Bom Frutee Abacaxi 55G,3.2,3.2
1353,Picolé Icebom Picolori Pinta Lingua Tutti-Frutti 50G,1.5,1.5
1354,Picole Skiss Fresh Groselha Icebom 50G,1.5,1.5
1355,Sorvete Ice Bom Sundae Morango Copo 150Ml,5.4,5.4
1356,Picole Iupi Algodão Doce Ice Bom 50G,1.5,1.5
1357,Picolé Icebom Blonc 65G,6.3,6.3
1358,Picolé Ice Bom Chocolate Ao Leite 50G,3.75,3.75
1359,Picolé Ice Bom Milho Verde Ao Leite Embalagem 50G,3.75,3.75
1360,Batata Palito Congelada Tradicional Bem Brasil 2Kg,28.98,28.98
1361,Batata Palito Congelada Bem Brasil Bem Batata Tradicional Pré Frita Pacote 400G,7.49,7.49
1362,Batata Palito Congelada Uai 2Kg,26.98,26.98
1363,Batata Palito Congelada Pré Frita Avivar 400G,7.98,7.98
1364,Ração para Cães Faísca Adulto 7Kg,41.98,41.98
1365,Alimento Ração Úmida Pedigree Sachê Carne Ao Molho para Cães Adultos de Raças Pequenas 100G,3.69,3.69
1366,Ração Úmida para Cães Filhotes Carne Ao Molho Pedigree Sachê 100G,3.69,3.69
1367,"Ração para Cães Thor Max Pacote 2,3Kg",34.98,34.98
1368,Ração para Cães Raças Pequenas Vittamax Arroz e Frango Embalagem 1Kg,20.89,20.89
1369,Ração Papa Dog Gourmet Raças Pequenas 2Kg,31.98,31.98
1370,Ração Papadog Adulto Sabor Carne 280G,6.79,6.79
1371,"Ração para Cães Especial Adulto Carne Thor 2,3Kg",29.99,29.99
1372,Ração para Cães Júnior Sabor Carne 1Kg,17.98,17.98
1373,Ração Pet Pequeno Porte Thor 1Kg,16.89,16.89
1374,Ração para Gatos Castrados Vittamax Arroz e Frango Embalagem 1Kg,25.98,25.98
1375,Alimento para Gatos Ração Úmida Carne Ao Molho Adultos Whiskas 85G,3.69,3.69
1376,Racão para Gatos Thor Sabor Carne Peixe e Frango 1Kg,19.98,19.98
1377,Alimento para Pássaros Pachá Painço Embalagem 500G,6.98,6.98
1378,Ração para Papagaio Pachá 500G,9.98,9.98
1379,Amoeba Asca Toys Embalagem 1 Un,9.98,9.98
1380,Isqueiro Bic Maxi,5.0,5.0
1381,Isqueiro Bic J5 Pequeno Embalagem 1 Un,3.99,3.99
1382,Gelo Uaice 4Kg Cubo,9.69,9.69
1383,Carvão Campones 3Kg,14.98,14.98
1384,Gelo Uaice Moído 10Kg,13.0,13.0
1385,Loctite Super Bonder Original 3G,6.98,6.98
1386,Pilha Rayovac Amarelinha Aa 4 Unidades,1.25,1.25
1387,Vela Mariana 35G,16.89,16.89
1388,Vela Coprapel Estrela Chuva de Prata,6.98,6.98
1389,Lâmpada Ultra Luz Bulbo Led Bivolt 7W Embalagem 1Un,9.98,9.98
1390,Lâmpada Ultra Luz 9W Bulbo Led,10.98,10.98
1391,Vela de Aniversário Multi Festa Branca Nª5,3.98,3.98
1392,Lâmpada Ultra Led Bulbo Bivolt 12W A65 6500K 1Un,13.98,13.98
1393,Vela de Aniversário Multi Festa Branca Nº9,3.98,3.98
1394,Vela Feliz Aniversário Bianco Rosa N 3,3.98,3.98
1395,Lâmpada Halógena Elgin 127V Embalagem 1Un,5.98,5.98
1396,Vela Teimosa Bianco Rosa N1 1 Un,3.98,3.98
1397,Veda Rosca Fita 12Mm X 5Mts,3.2,3.2
1398,Abraçadeira 5/8 por 3X4 Util,9.0,9.0
1399,Cola Branca Coplamix 90G,3.0,3.0
1400,Vela Teimosa Bianco N 8 Azul,3.98,3.98
1401,Fita Adesiva 45Mmx40m Transparente Koretech,6.0,6.0
1402,Velas Raios N°4 8 Unidades 20G,8.89,8.89
1403,Lâmpada Eco Halôgena Transparente 42W 127V Elgin Un,5.98,5.98
1404,Fita Adesiva Tradicional Durex Eireli 12X40 20Un,2.0,2.0
1405,Fita Isolante 5M,5.55,5.55
1406,"Lâmpada Led Bulbo Ultraluz 4,9W 6500K Bivolt",8.98,8.98
1407,Vela de Aniversário Teimosa Bianco Embalagem 1 Unidade,3.98,3.98
1408,Lamina B Lord Classic 5 Unidades,3.0,3.0
1409,Vela Votiva Raios Cores 7 Dias,14.98,14.98
1410,Vela Bianco Teimosa Azul N1 Embalagem 1 Un,3.98,3.98
1411,Fósforo Fiat Lux Pinheiro 40Un,4.98,4.98
1412,Fósforo de Cozinha Fiat Lux 200 Palitos,3.69,3.69
1413,Fósforos Queluz 40 Palitos 10Un,3.99,3.99
1414,Peneira de Nylon Sbrissa Grande com Cabo Unidade 15Cm,6.69,6.69
1415,Conjunto de Potes Jaguar Moscou Quadrado Embalagem 2 Unidades Ref 0642,9.98,9.98
1416,Taça Nadir Gallant Champagne 1 Unidade,11.49,11.49
1417,Triturador de Alho Inplast 1Un,4.98,4.98
1418,Garrafa Água Transparente Plástica Ditoy 2L,9.99,9.99
1419,Caneca Escolar Ecoplastic Colorido Sortido 300Ml,4.49,4.49
1420,Papel Toalha Social Clean Pacote 2 Un,5.89,5.89
1421,Toalha de Papel Folha Dupla Tootex 50 Folhas com 2Un,4.29,4.29
1422,Filtro de Papel 103 Melitta Embalagem 30Un,4.79,4.79
1423,Toalha de Papel Snob Multiuso Pacote 2 Rolos,6.98,6.98
1424,Toalha de Papel Snob Decorado Pacote 2 Un,6.98,6.98
1425,Filme Pvc Boreda 28Cm Rolo 30M,7.49,7.49
1426,Papel Alumínio Globopack 30Cm Rolo 4M,3.39,3.39
1427,Guardanapo de Papel Bob 20X23cm Embalagem 50 Un,1.98,1.98
1428,Copo Plástico Descartável 300Ml Copoplast com 100Un,9.98,9.98
1429,Saco Plástico para Freezer Boreda 20X33cm2kg 50Un,3.98,3.98
1430,Toalha de Papel Bob Folha Dupla Embalagem 2 Un 60 Folhas,5.79,5.79
1431,"Guardanapo de Papel Smart 19,5X19,5Cm Pacote 50Un",2.29,2.29
1432,Copo Descartável Termopot Cristal 50Ml Embalagem 100 Un,3.69,3.69
1433,Papel Alumínio Smart 30Cmx4m,4.29,4.29
1434,Copos Descartáveis Econopot 200Ml,6.98,6.98
1435,Palito de Dente Gaboardi Caixa 160Un,1.29,1.29
1436,Palito de Bambu para Churrasc Pacha 30Cm Embalagem 40Un,5.89,5.89
1437,Copo Plástico Transparente Copobras 300Ml Embalagem 50 Un,6.98,6.98
1438,Papel de Alumínio 45Cmx4m Globo Pack,4.98,4.98
1439,Papel Alumínio Boreda Embalagem 4M X 30Cm,3.79,3.79
1440,Papel Alumínio Amo 30Cm X 4M 1 Un,5.98,5.98
1441,Tapetinho para Doce Sabor da Festa Rosa Nº7 Embalagem 100Un,4.49,4.49
1442,Canudo Dobrável Biodegradável Dabor 50Un,5.99,5.99
1443,Balão Sabor de Festa 6.5 Branco com 50 Unidades,9.98,9.98
1444,Forminha de Papel Número 5 Sabor de Festa 200 Unidades,6.98,6.98
1445,Palitos Aurea Caixa com 100Un,0.79,0.79
1446,Saquinho para Chup Chup Sabor de Festa com 100 Unidades,4.29,4.29
1447,Forminha de Papel Branca Número 3 Sabor de Festa 200 Unidades,9.98,9.98
1448,Prato Descartável Redondo Branco 15Cm Sabor Festa 10Un,2.59,2.59
1449,"Guardanapo Face a Face 30X32,5 Cm 50Un",3.98,3.98
1450,Filme de Pvc Amo 28Cm X 30M 1 Un,7.49,7.49
1451,Prato Descartável Branco 21Cm Fundo Sabor de Festa 10Un,5.99,5.99
1452,Saco para Hambúrguer Sabor de Festa 19X13cm Embalagem 50Un,4.49,4.49
1453,Balão Sabor Festa Sortido 6.5 50Un,9.98,9.98
1454,Prato Descartável Fundo Sabor Festa 15Cm 10Un,3.49,3.49
1455,Guardanapo de Papel Face a Face Pequeno 20Cm X 22Cm 50 Un,1.69,1.69
1456,Caneta Bic Cristal Azul Embalagem 1 Un,1.25,1.25
1457,Caneta Bic Cristal Preta 1 Un,1.25,1.25
1458,Prendedor de Roupa Gina Embalagem 12 Un,2.98,2.98
1459,Corda para Varal Polifort N5 10M,1.49,1.49
1460,Prendedor Plástico para Roupas Primavera 12Un,2.89,2.89
1461,Corante para Roupas Guarany Tingecor Marinho N15 Embalagem 40G,3.98,3.98
1462,Baralho Copag 157 Embalagem 1 Un 54 Cartas,11.99,11.99
1463,Chinelo Havaianas Tradicional Azul N°41/42,18.99,18.99
